name, link
Abelar Hightower, /index.php/Abelar_Hightower
Addam, /index.php/Addam
Addam Frey, /index.php/Addam_Frey
Addam Marbrand, /index.php/Addam_Marbrand
Addam Osgrey, /index.php/Addam_Osgrey
Addam Velaryon, /index.php/Addam_Velaryon
Addison Hill, /index.php/Addison_Hill
Aegon Blackfyre, /index.php/Aegon_Blackfyre
Aegon Frey (son of Stevron), /index.php/Aegon_Frey_(son_of_Stevron)
Aegon Frey (son of Aenys), /index.php/Aegon_Frey_(son_of_Aenys)
Aegon I Targaryen, /index.php/Aegon_I_Targaryen
Aegon II Targaryen, /index.php/Aegon_II_Targaryen
Aegon III Targaryen, /index.php/Aegon_III_Targaryen
Aegon IV Targaryen, /index.php/Aegon_IV_Targaryen
Aegon V Targaryen, /index.php/Aegon_V_Targaryen
Aegon Targaryen (son of Rhaegar), /index.php/Aegon_Targaryen_(son_of_Rhaegar)
Aegon Targaryen (son of Aenys I), /index.php/Aegon_Targaryen_(son_of_Aenys_I)
Aegon Targaryen (son of Baelon), /index.php/Aegon_Targaryen_(son_of_Baelon)
Aegon Targaryen (son of Jaehaerys I), /index.php/Aegon_Targaryen_(son_of_Jaehaerys_I)
Aegor Rivers, /index.php/Aegor_Rivers
Aelinor Penrose, /index.php/Aelinor_Penrose
Aemma Arryn, /index.php/Aemma_Arryn
Aemon Blackfyre, /index.php/Aemon_Blackfyre
Aemon Costayne, /index.php/Aemon_Costayne
Aemon Estermont, /index.php/Aemon_Estermont
Aemon Rivers, /index.php/Aemon_Rivers
Aemon Targaryen, /index.php/Aemon_Targaryen
Maester Aemon, /index.php/Maester_Aemon
Aemond Targaryen, /index.php/Aemond_Targaryen
Aenys Frey, /index.php/Aenys_Frey
Aenys I Targaryen, /index.php/Aenys_I_Targaryen
Aerion Targaryen, /index.php/Aerion_Targaryen
Aeron Greyjoy, /index.php/Aeron_Greyjoy
Aerys I Targaryen, /index.php/Aerys_I_Targaryen
Aerys II Targaryen, /index.php/Aerys_II_Targaryen
Aethan, /index.php/Aethan
Aethelmure, /index.php/Aethelmure
Aggar, /index.php/Aggar
Aggo, /index.php/Aggo
Aglantine, /index.php/Aglantine
Agrivane, /index.php/Agrivane
Aladale Wynch, /index.php/Aladale_Wynch
Alan, /index.php/Alan
Alannys Harlaw, /index.php/Alannys_Harlaw
Alaric of Eysen, /index.php/Alaric_of_Eysen
Alayaya, /index.php/Alayaya
Albar Royce, /index.php/Albar_Royce
Albett, /index.php/Albett
Alebelly, /index.php/Alebelly
Alekyne Florent, /index.php/Alekyne_Florent
Alequo Adarys, /index.php/Alequo_Adarys
Alerie Hightower, /index.php/Alerie_Hightower
Alesander Frey, /index.php/Alesander_Frey
Alesander Staedmon, /index.php/Alesander_Staedmon
Alesander Torrent, /index.php/Alesander_Torrent
Alester Florent, /index.php/Alester_Florent
Alester Norcross, /index.php/Alester_Norcross
Alester Oakheart, /index.php/Alester_Oakheart
Alfyn Crowkiller, /index.php/Alfyn_Crowkiller
Alia, /index.php/Alia
Alicent Hightower, /index.php/Alicent_Hightower
All-for-Joffrey, /index.php/All-for-Joffrey
Alla Tyrell, /index.php/Alla_Tyrell
Allaquo, /index.php/Allaquo
Allar Deem, /index.php/Allar_Deem
Allard Seaworth, /index.php/Allard_Seaworth
Alliser Thorne, /index.php/Alliser_Thorne
Allyria Dayne, /index.php/Allyria_Dayne
Alvyn Sharp, /index.php/Alvyn_Sharp
Alyce, /index.php/Alyce
Alyce Graceford, /index.php/Alyce_Graceford
Alyn, /index.php/Alyn
Alyn Ambrose, /index.php/Alyn_Ambrose
Alyn Cockshaw, /index.php/Alyn_Cockshaw
Alyn Connington, /index.php/Alyn_Connington
Alyn Estermont, /index.php/Alyn_Estermont
Alyn Frey, /index.php/Alyn_Frey
Alyn Haigh, /index.php/Alyn_Haigh
Alyn Hunt, /index.php/Alyn_Hunt
Alyn Stackspear, /index.php/Alyn_Stackspear
Alyn Velaryon, /index.php/Alyn_Velaryon
Alys Arryn, /index.php/Alys_Arryn
Alys Karstark, /index.php/Alys_Karstark
Alysane Mormont, /index.php/Alysane_Mormont
Alysanne Bracken, /index.php/Alysanne_Bracken
Alysanne Bulwer, /index.php/Alysanne_Bulwer
Alysanne Hightower, /index.php/Alysanne_Hightower
Alysanne Lefford, /index.php/Alysanne_Lefford
Alysanne of Tarth, /index.php/Alysanne_of_Tarth
Alysanne Osgrey, /index.php/Alysanne_Osgrey
Alysanne Targaryen, /index.php/Alysanne_Targaryen
Alys Frey, /index.php/Alys_Frey
Alyssa Arryn, /index.php/Alyssa_Arryn
Alyssa Blackwood, /index.php/Alyssa_Blackwood
Alyx Frey, /index.php/Alyx_Frey
Amabel, /index.php/Amabel
Amarei Crakehall, /index.php/Amarei_Crakehall
Ambrode, /index.php/Ambrode
Ambrose Butterwell, /index.php/Ambrose_Butterwell
Amerei Frey, /index.php/Amerei_Frey
Amory Lorch, /index.php/Amory_Lorch
Andar Royce, /index.php/Andar_Royce
Anders Yronwood, /index.php/Anders_Yronwood
Andrew Estermont, /index.php/Andrew_Estermont
Andrey Charlton, /index.php/Andrey_Charlton
Andrey Dalt, /index.php/Andrey_Dalt
Andrik, /index.php/Andrik
Andros Brax, /index.php/Andros_Brax
Androw Ashford, /index.php/Androw_Ashford
Androw Frey, /index.php/Androw_Frey
Anguy, /index.php/Anguy
Annara Farring, /index.php/Annara_Farring
Antario Jast, /index.php/Antario_Jast
Anvil Ryn, /index.php/Anvil_Ryn
Anya Waynwood, /index.php/Anya_Waynwood
Archibald Yronwood, /index.php/Archibald_Yronwood
Ardrian Celtigar, /index.php/Ardrian_Celtigar
Areo Hotah, /index.php/Areo_Hotah
Argilac, /index.php/Argilac
Argrave the Defiant, /index.php/Argrave_the_Defiant
Arianne Martell, /index.php/Arianne_Martell
Arianne of Tarth, /index.php/Arianne_of_Tarth
Arlan of Pennytree, /index.php/Arlan_of_Pennytree
Armen, /index.php/Armen
Armond Caswell, /index.php/Armond_Caswell
Arneld, /index.php/Arneld
Arnell, /index.php/Arnell
Arnolf Karstark, /index.php/Arnolf_Karstark
Aron Santagar, /index.php/Aron_Santagar
Arrec Durrandon, /index.php/Arrec_Durrandon
Arron, /index.php/Arron
Arron Qorgyle, /index.php/Arron_Qorgyle
Artys Arryn, /index.php/Artys_Arryn
Arryk, /index.php/Arryk
Arryk (guard), /index.php/Arryk_(guard)
Arson, /index.php/Arson
Arthor Karstark, /index.php/Arthor_Karstark
Arthur Ambrose, /index.php/Arthur_Ambrose
Arthur Dayne, /index.php/Arthur_Dayne
Artos Stark, /index.php/Artos_Stark
Arwood Frey, /index.php/Arwood_Frey
Arwyn Frey, /index.php/Arwyn_Frey
Arwyn Oakheart, /index.php/Arwyn_Oakheart
Arya Stark, /index.php/Arya_Stark
Arys Oakheart, /index.php/Arys_Oakheart
Asha Greyjoy, /index.php/Asha_Greyjoy
Ashara Dayne, /index.php/Ashara_Dayne
Lord Ashford, /index.php/Lord_Ashford
Assadora of Ibben, /index.php/Assadora_of_Ibben
Aubrey Ambrose, /index.php/Aubrey_Ambrose
Aurane Waters, /index.php/Aurane_Waters
Axell Florent, /index.php/Axell_Florent
Ayrmidon, /index.php/Ayrmidon
Azzak, /index.php/Azzak
Azor Ahai, /index.php/Azor_Ahai
Bael the Bard, /index.php/Bael_the_Bard
Baela Targaryen, /index.php/Baela_Targaryen
Baelon Targaryen (son of Aerys), /index.php/Baelon_Targaryen_(son_of_Aerys)
Baelon Targaryen (son of Viserys I), /index.php/Baelon_Targaryen_(son_of_Viserys_I)
Baelor Blacktyde, /index.php/Baelor_Blacktyde
Baelor Hightower, /index.php/Baelor_Hightower
Baelor I Targaryen, /index.php/Baelor_I_Targaryen
Baelor Targaryen (son of Daeron II), /index.php/Baelor_Targaryen_(son_of_Daeron_II)
Ballabar, /index.php/Ballabar
Balman Byrch, /index.php/Balman_Byrch
Balon Botley, /index.php/Balon_Botley
Balon Greyjoy, /index.php/Balon_Greyjoy
Balon Swann, /index.php/Balon_Swann
Bandy, /index.php/Bandy
Bannen, /index.php/Bannen
Barba Bracken, /index.php/Barba_Bracken
Barbara Bracken, /index.php/Barbara_Bracken
Barbrey Dustin, /index.php/Barbrey_Dustin
Barra, /index.php/Barra
Barre, /index.php/Barre
Barristan Selmy, /index.php/Barristan_Selmy
Barsena Blackhair, /index.php/Barsena_Blackhair
Barth, /index.php/Barth
Barth (brewer), /index.php/Barth_(brewer)
Barthogan Stark, /index.php/Barthogan_Stark
Bass, /index.php/Bass
Bayard Norcross, /index.php/Bayard_Norcross
Bearded Ben, /index.php/Bearded_Ben
Beardless Dick, /index.php/Beardless_Dick
Becca, /index.php/Becca
Becca the Baker, /index.php/Becca_the_Baker
Beck, /index.php/Beck
Bedwyck, /index.php/Bedwyck
Belandra, /index.php/Belandra
Belaquo Bonebreaker, /index.php/Belaquo_Bonebreaker
Beldecar, /index.php/Beldecar
Belgrave, /index.php/Belgrave
Belis, /index.php/Belis
Bella, /index.php/Bella
Bellegere Otherys, /index.php/Bellegere_Otherys
Bellegere Otherys (Courtesan), /index.php/Bellegere_Otherys_(Courtesan)
Bellena Hawick, /index.php/Bellena_Hawick
Bellonara Otherys, /index.php/Bellonara_Otherys
Belwas, /index.php/Belwas
Ben, /index.php/Ben
Ben (Big Belly), /index.php/Ben_(Big_Belly)
Ben Blackthumb, /index.php/Ben_Blackthumb
Ben Bones, /index.php/Ben_Bones
Ben Bushy, /index.php/Ben_Bushy
Ben Buttercakes, /index.php/Ben_Buttercakes
Ben Plumm, /index.php/Ben_Plumm
Benedar Belmore, /index.php/Benedar_Belmore
Benedict, /index.php/Benedict
Benedict Broom, /index.php/Benedict_Broom
Benfred Tallhart, /index.php/Benfred_Tallhart
Benfrey Frey, /index.php/Benfrey_Frey
Benjen Stark, /index.php/Benjen_Stark
Benjen Stark (Bitter), /index.php/Benjen_Stark_(Bitter)
Benjen Stark (Sweet), /index.php/Benjen_Stark_(Sweet)
Bennard Brune, /index.php/Bennard_Brune
Bennarion Botley, /index.php/Bennarion_Botley
Bennet, /index.php/Bennet
Bennis, /index.php/Bennis
Beqqo, /index.php/Beqqo
Beren Tallhart, /index.php/Beren_Tallhart
Berena Hornwood, /index.php/Berena_Hornwood
Beric Dondarrion, /index.php/Beric_Dondarrion
Beron Stark, /index.php/Beron_Stark
Beron Blacktyde, /index.php/Beron_Blacktyde
Bertram Beesbury, /index.php/Bertram_Beesbury
Bess Bracken, /index.php/Bess_Bracken
Bessa, /index.php/Bessa
Bessa (Winterfell), /index.php/Bessa_(Winterfell)
Beth Cassel, /index.php/Beth_Cassel
Blushing Bethany, /index.php/Blushing_Bethany
Bethany Bolton, /index.php/Bethany_Bolton
Bethany Bracken, /index.php/Bethany_Bracken
Bethany Fair-Fingers, /index.php/Bethany_Fair-Fingers
Bethany Redwyne, /index.php/Bethany_Redwyne
Bethany Rosby, /index.php/Bethany_Rosby
Betharios of Braavos, /index.php/Betharios_of_Braavos
Bhakaz zo Loraq, /index.php/Bhakaz_zo_Loraq
Bharbo, /index.php/Bharbo
Big Boil, /index.php/Big_Boil
Biter, /index.php/Biter
Black Balaq, /index.php/Black_Balaq
Black Bernarr, /index.php/Black_Bernarr
Black Jack Bulwer, /index.php/Black_Jack_Bulwer
Blane, /index.php/Blane
Blind Doss, /index.php/Blind_Doss
Bloodbeard, /index.php/Bloodbeard
Bluetooth, /index.php/Bluetooth
Bodger, /index.php/Bodger
Bonifer Hasty, /index.php/Bonifer_Hasty
Borcas, /index.php/Borcas
Boremund Harlaw, /index.php/Boremund_Harlaw
Boros Blount, /index.php/Boros_Blount
Borroq, /index.php/Borroq
Bors, /index.php/Bors
Bowen Marsh, /index.php/Bowen_Marsh
Boy, /index.php/Boy
Bradamar Frey, /index.php/Bradamar_Frey
Brandon Norrey, /index.php/Brandon_Norrey
Brandon Stark, /index.php/Brandon_Stark
Brandon Stark (son of Cregan), /index.php/Brandon_Stark_(son_of_Cregan)
Bran Stark, /index.php/Bran_Stark
Bran the Builder, /index.php/Bran_the_Builder
Brandon Stark (Bad), /index.php/Brandon_Stark_(Bad)
Brandon Stark (Burner), /index.php/Brandon_Stark_(Burner)
Brandon Stark (the daughterless), /index.php/Brandon_Stark_(the_daughterless)
Brandon Stark (Shipwright), /index.php/Brandon_Stark_(Shipwright)
Brandon Tallhart, /index.php/Brandon_Tallhart
Branston Cuy, /index.php/Branston_Cuy
Brea, /index.php/Brea
Brella, /index.php/Brella
Brenett, /index.php/Brenett
Briar, /index.php/Briar
Brienne of Tarth, /index.php/Brienne_of_Tarth
Brogg, /index.php/Brogg
Bronn, /index.php/Bronn
Brown Bernarr, /index.php/Brown_Bernarr
Brusco, /index.php/Brusco
Bryan Frey, /index.php/Bryan_Frey
Bryan Fossoway, /index.php/Bryan_Fossoway
Bryan of Oldtown, /index.php/Bryan_of_Oldtown
Bryce Caron, /index.php/Bryce_Caron
Bryen, /index.php/Bryen
Bryen Caron, /index.php/Bryen_Caron
Bryen Farring, /index.php/Bryen_Farring
Brynden Rivers, /index.php/Brynden_Rivers
Brynden Tully, /index.php/Brynden_Tully
Buford Bulwer, /index.php/Buford_Bulwer
Bump, /index.php/Bump
Burton Crakehall, /index.php/Burton_Crakehall
Butterbumps, /index.php/Butterbumps
Buu, /index.php/Buu
Byam Flint, /index.php/Byam_Flint
Byan Votyris, /index.php/Byan_Votyris
Byren Flowers, /index.php/Byren_Flowers
Byron, /index.php/Byron
Cadwyl, /index.php/Cadwyl
Cadwyn, /index.php/Cadwyn
Lord Cafferen, /index.php/Lord_Cafferen
Craghas Drahar, /index.php/Craghas_Drahar
Caleotte, /index.php/Caleotte
Calon, /index.php/Calon
Camarron of the Count, /index.php/Camarron_of_the_Count
Canker Jeyne, /index.php/Canker_Jeyne
Carellen Smallwood, /index.php/Carellen_Smallwood
Carolei Waynwood, /index.php/Carolei_Waynwood
Carrot, /index.php/Carrot
Cass, /index.php/Cass
Cassana Estermont, /index.php/Cassana_Estermont
Cassella Vaith, /index.php/Cassella_Vaith
Lord Caswell, /index.php/Lord_Caswell
Castos, /index.php/Castos
Catelyn Bracken, /index.php/Catelyn_Bracken
Catelyn Stark, /index.php/Catelyn_Stark
Cayn, /index.php/Cayn
Cedra, /index.php/Cedra
Cedric Payne, /index.php/Cedric_Payne
Cedrik Storm, /index.php/Cedrik_Storm
Cellador, /index.php/Cellador
Cerenna Lannister, /index.php/Cerenna_Lannister
Cerrick, /index.php/Cerrick
Cersei Frey, /index.php/Cersei_Frey
Cersei Lannister, /index.php/Cersei_Lannister
Cetheres, /index.php/Cetheres
Chataya, /index.php/Chataya
Chayle, /index.php/Chayle
Chella, /index.php/Chella
Chett, /index.php/Chett
Cheyk, /index.php/Cheyk
Chiggen, /index.php/Chiggen
Chiswyck, /index.php/Chiswyck
Clarence Charlton, /index.php/Clarence_Charlton
Clarence Crabb, /index.php/Clarence_Crabb
Clarence Crabb (Short), /index.php/Clarence_Crabb_(Short)
Clarent Crakehall, /index.php/Clarent_Crakehall
Clayton Suggs, /index.php/Clayton_Suggs
Clement, /index.php/Clement
Clement Crabb, /index.php/Clement_Crabb
Clement Piper, /index.php/Clement_Piper
Cleon, /index.php/Cleon
Cleos Frey, /index.php/Cleos_Frey
Cletus Yronwood, /index.php/Cletus_Yronwood
Cley Cerwyn, /index.php/Cley_Cerwyn
Cleyton Caswell, /index.php/Cleyton_Caswell
Clifford Conklyn, /index.php/Clifford_Conklyn
Clubfoot Karl, /index.php/Clubfoot_Karl
Clydas, /index.php/Clydas
Cohollo, /index.php/Cohollo
Coldhands, /index.php/Coldhands
Colemon, /index.php/Colemon
Colen of Greenpools, /index.php/Colen_of_Greenpools
Colin Florent, /index.php/Colin_Florent
Collio Quaynis, /index.php/Collio_Quaynis
Colmar Frey, /index.php/Colmar_Frey
Conn, /index.php/Conn
Conwy, /index.php/Conwy
Coratt, /index.php/Coratt
Corliss Penny, /index.php/Corliss_Penny
Corlys Velaryon, /index.php/Corlys_Velaryon
Cortnay Penrose, /index.php/Cortnay_Penrose
Cosgrove, /index.php/Cosgrove
Cossomo, /index.php/Cossomo
Cotter Pyke, /index.php/Cotter_Pyke
Courtenay Greenhill, /index.php/Courtenay_Greenhill
Cragorn, /index.php/Cragorn
Craster, /index.php/Craster
Crawn, /index.php/Crawn
Cregan Karstark, /index.php/Cregan_Karstark
Cregan Stark, /index.php/Cregan_Stark
Creighton Longbough, /index.php/Creighton_Longbough
Creighton Redfort, /index.php/Creighton_Redfort
Cressen, /index.php/Cressen
Criston Cole, /index.php/Criston_Cole
Cuger, /index.php/Cuger
Cutjack, /index.php/Cutjack
Cynthea Frey, /index.php/Cynthea_Frey
Cyrenna Swann, /index.php/Cyrenna_Swann
Daario Naharis, /index.php/Daario_Naharis
Dacey Mormont, /index.php/Dacey_Mormont
Dacks, /index.php/Dacks
Daegon Shepherd, /index.php/Daegon_Shepherd
Daella Targaryen (daughter of Jaehaerys I), /index.php/Daella_Targaryen_(daughter_of_Jaehaerys_I)
Daella Targaryen (daughter of Maekar I), /index.php/Daella_Targaryen_(daughter_of_Maekar_I)
Daemon I Blackfyre, /index.php/Daemon_I_Blackfyre
Daemon II Blackfyre, /index.php/Daemon_II_Blackfyre
Daemon Sand, /index.php/Daemon_Sand
Daemon Targaryen, /index.php/Daemon_Targaryen
Daena Targaryen, /index.php/Daena_Targaryen
Daenerys Targaryen (daughter of Aegon IV), /index.php/Daenerys_Targaryen_(daughter_of_Aegon_IV)
Daenerys Targaryen, /index.php/Daenerys_Targaryen
Daeron I Targaryen, /index.php/Daeron_I_Targaryen
Daeron II Targaryen, /index.php/Daeron_II_Targaryen
Daeron Targaryen (son of Viserys I), /index.php/Daeron_Targaryen_(son_of_Viserys_I)
Daeron Targaryen (son of Maekar I), /index.php/Daeron_Targaryen_(son_of_Maekar_I)
Daeron Vaith, /index.php/Daeron_Vaith
Daeryssa, /index.php/Daeryssa
Dafyn Vance, /index.php/Dafyn_Vance
Dagmer, /index.php/Dagmer
Dagon Ironmaker, /index.php/Dagon_Ironmaker
Dagon Greyjoy, /index.php/Dagon_Greyjoy
Dagos Manwoody, /index.php/Dagos_Manwoody
Dake, /index.php/Dake
Dake (Guard), /index.php/Dake_(Guard)
Dalbridge, /index.php/Dalbridge
Dale Drumm, /index.php/Dale_Drumm
Dale Seaworth, /index.php/Dale_Seaworth
Dalla, /index.php/Dalla
Dalla (Dragonstone), /index.php/Dalla_(Dragonstone)
Damion Lannister, /index.php/Damion_Lannister
Damon Dance-for-Me, /index.php/Damon_Dance-for-Me
Damon Lannister (lord), /index.php/Damon_Lannister_(lord)
Damon Lannister (son of Jason), /index.php/Damon_Lannister_(son_of_Jason)
Damon Paege, /index.php/Damon_Paege
Damon Shett, /index.php/Damon_Shett
Damon Vypren, /index.php/Damon_Vypren
Dan, /index.php/Dan
Dancy, /index.php/Dancy
Danelle Lothston, /index.php/Danelle_Lothston
Danny Flint, /index.php/Danny_Flint
Danos Slynt, /index.php/Danos_Slynt
Danwell Frey, /index.php/Danwell_Frey
Dareon, /index.php/Dareon
Darla Deddings, /index.php/Darla_Deddings
Darlessa Marbrand, /index.php/Darlessa_Marbrand
Daryn Hornwood, /index.php/Daryn_Hornwood
Daughter of the Dusk, /index.php/Daughter_of_the_Dusk
Daven Lannister, /index.php/Daven_Lannister
Davos Seaworth, /index.php/Davos_Seaworth
Deana Hardyng, /index.php/Deana_Hardyng
Del, /index.php/Del
Delena Florent, /index.php/Delena_Florent
Della Frey, /index.php/Della_Frey
Delonne Allyrion, /index.php/Delonne_Allyrion
Delp, /index.php/Delp
Denestan, /index.php/Denestan
Dennet, /index.php/Dennet
Dennis Plumm, /index.php/Dennis_Plumm
Denyo Terys, /index.php/Denyo_Terys
Denys Arryn, /index.php/Denys_Arryn
Denys Darklyn, /index.php/Denys_Darklyn
Denys Drumm, /index.php/Denys_Drumm
Denys Mallister, /index.php/Denys_Mallister
Denys Redwyne, /index.php/Denys_Redwyne
Denys Woodwright, /index.php/Denys_Woodwright
Denyse Hightower, /index.php/Denyse_Hightower
Dermot, /index.php/Dermot
Desmond, /index.php/Desmond
Desmond Grell, /index.php/Desmond_Grell
Desmond Redwyne, /index.php/Desmond_Redwyne
Devan Seaworth, /index.php/Devan_Seaworth
Devyn Sealskinner, /index.php/Devyn_Sealskinner
Deziel Dalt, /index.php/Deziel_Dalt
Dhazzar, /index.php/Dhazzar
Dick, /index.php/Dick
Dick Crabb, /index.php/Dick_Crabb
Dick Follard, /index.php/Dick_Follard
Dickon Frey, /index.php/Dickon_Frey
Dickon Manwoody, /index.php/Dickon_Manwoody
Dickon Tarly, /index.php/Dickon_Tarly
Dirk, /index.php/Dirk
Dobber, /index.php/Dobber
Dolf, /index.php/Dolf
Domeric Bolton, /index.php/Domeric_Bolton
Donal Noye, /index.php/Donal_Noye
Donel Greyjoy, /index.php/Donel_Greyjoy
Donella Hornwood, /index.php/Donella_Hornwood
Donnel Drumm, /index.php/Donnel_Drumm
Donnel Haigh, /index.php/Donnel_Haigh
Donnel Hill, /index.php/Donnel_Hill
Donnel Locke, /index.php/Donnel_Locke
Donnel of Duskendale, /index.php/Donnel_of_Duskendale
Donnel Waynwood, /index.php/Donnel_Waynwood
Donnis, /index.php/Donnis
Donnor Stark, /index.php/Donnor_Stark
Dontos Hollard, /index.php/Dontos_Hollard
Donyse, /index.php/Donyse
Doran Martell, /index.php/Doran_Martell
Dorcas, /index.php/Dorcas
Dorea Sand, /index.php/Dorea_Sand
Doreah, /index.php/Doreah
Dormund, /index.php/Dormund
Dornish Dilly, /index.php/Dornish_Dilly
Dorren Stark, /index.php/Dorren_Stark
Draqaz, /index.php/Draqaz
Drennan, /index.php/Drennan
Drogo, /index.php/Drogo
Dryn, /index.php/Dryn
Dudley, /index.php/Dudley
Dunaver, /index.php/Dunaver
Dunk, /index.php/Dunk
Duncan Targaryen, /index.php/Duncan_Targaryen
Dunsen, /index.php/Dunsen
Dunstan Drumm, /index.php/Dunstan_Drumm
Duram Bar Emmon, /index.php/Duram_Bar_Emmon
Durran, /index.php/Durran
Dyah, /index.php/Dyah
Dykk Harlaw, /index.php/Dykk_Harlaw
Dywen, /index.php/Dywen
Easy, /index.php/Easy
Ebben, /index.php/Ebben
Ebrose, /index.php/Ebrose
Eddara Tallhart, /index.php/Eddara_Tallhart
Eddard Karstark, /index.php/Eddard_Karstark
Eddard Stark, /index.php/Eddard_Stark
Edderion Stark, /index.php/Edderion_Stark
Eddison Tollett, /index.php/Eddison_Tollett
Eden Risley, /index.php/Eden_Risley
Edgerran Oakheart, /index.php/Edgerran_Oakheart
Edmund Ambrose, /index.php/Edmund_Ambrose
Edmure Tully, /index.php/Edmure_Tully
Edmyn Tully, /index.php/Edmyn_Tully
Edric Dayne, /index.php/Edric_Dayne
Edric Storm, /index.php/Edric_Storm
Edrick Stark, /index.php/Edrick_Stark
Edwyd Fossoway, /index.php/Edwyd_Fossoway
Edwyle Stark, /index.php/Edwyle_Stark
Edwyn Frey, /index.php/Edwyn_Frey
Edwyn Osgrey, /index.php/Edwyn_Osgrey
Edwyn Stark, /index.php/Edwyn_Stark
Eggon, /index.php/Eggon
Eglantine, /index.php/Eglantine
Egon Emeros, /index.php/Egon_Emeros
Elaena Targaryen, /index.php/Elaena_Targaryen
Elbert Arryn, /index.php/Elbert_Arryn
Elder Brother (Quiet Isle), /index.php/Elder_Brother_(Quiet_Isle)
Eldiss, /index.php/Eldiss
Eldon Estermont, /index.php/Eldon_Estermont
Eldred Codd, /index.php/Eldred_Codd
Eleanor Mooton, /index.php/Eleanor_Mooton
Eleyna Westerling, /index.php/Eleyna_Westerling
Elia Sand, /index.php/Elia_Sand
Elia Martell, /index.php/Elia_Martell
Elinor Tyrell, /index.php/Elinor_Tyrell
Ellaria Sand, /index.php/Ellaria_Sand
Ellery Vance, /index.php/Ellery_Vance
Ellyn Tarbeck, /index.php/Ellyn_Tarbeck
Elmar Frey, /index.php/Elmar_Frey
Elron, /index.php/Elron
Elwood, /index.php/Elwood
Elwood Meadows, /index.php/Elwood_Meadows
Elyana Vypren, /index.php/Elyana_Vypren
Elyas Willum, /index.php/Elyas_Willum
Elyn Norridge, /index.php/Elyn_Norridge
Elys Waynwood, /index.php/Elys_Waynwood
Elys Westerling, /index.php/Elys_Westerling
Elza, /index.php/Elza
Emberlei Frey, /index.php/Emberlei_Frey
Emma, /index.php/Emma
Emmon Cuy, /index.php/Emmon_Cuy
Emmon Frey, /index.php/Emmon_Frey
Emmond, /index.php/Emmond
Emphyria Vance, /index.php/Emphyria_Vance
Emrick, /index.php/Emrick
Endehar, /index.php/Endehar
Endrew Tarth, /index.php/Endrew_Tarth
Enger, /index.php/Enger
Eon Hunter, /index.php/Eon_Hunter
Erena Glover, /index.php/Erena_Glover
Erik Ironmaker, /index.php/Erik_Ironmaker
Ermesande Hayford, /index.php/Ermesande_Hayford
Eroeh, /index.php/Eroeh
Erreck, /index.php/Erreck
Erreg, /index.php/Erreg
Erren Florent, /index.php/Erren_Florent
Errok, /index.php/Errok
Erryk, /index.php/Erryk
Erryk (guard), /index.php/Erryk_(guard)
Esgred, /index.php/Esgred
Ethan Glover, /index.php/Ethan_Glover
Euron Greyjoy, /index.php/Euron_Greyjoy
Eustace (Braavos), /index.php/Eustace_(Braavos)
Eustace (Dance of the Dragons), /index.php/Eustace_(Dance_of_the_Dragons)
Eustace Brune, /index.php/Eustace_Brune
Eustace Hunter, /index.php/Eustace_Hunter
Eustace Osgrey, /index.php/Eustace_Osgrey
Eyron Stark, /index.php/Eyron_Stark
Ezzara, /index.php/Ezzara
Ezzelyno, /index.php/Ezzelyno
Falena Stokeworth, /index.php/Falena_Stokeworth
Falia Flowers, /index.php/Falia_Flowers
Falyse Stokeworth, /index.php/Falyse_Stokeworth
Farlen, /index.php/Farlen
House Farman, /index.php/House_Farman
Fearless Ithoke, /index.php/Fearless_Ithoke
House Fell, /index.php/House_Fell
Fern, /index.php/Fern
Ferny, /index.php/Ferny
Ferrego Antaryon, /index.php/Ferrego_Antaryon
Ferret, /index.php/Ferret
Flement Brax, /index.php/Flement_Brax
Fogo, /index.php/Fogo
Forley Prester, /index.php/Forley_Prester
Fornio, /index.php/Fornio
Franklyn Fowler, /index.php/Franklyn_Fowler
Franklyn Frey, /index.php/Franklyn_Frey
Fralegg, /index.php/Fralegg
Frenken, /index.php/Frenken
Frenya, /index.php/Frenya
Frynne, /index.php/Frynne
Gage, /index.php/Gage
Galazza Galare, /index.php/Galazza_Galare
Galbart Glover, /index.php/Galbart_Glover
Galladon of Morne, /index.php/Galladon_of_Morne
Galladon of Tarth, /index.php/Galladon_of_Tarth
Gallard, /index.php/Gallard
Galt, /index.php/Galt
Galtry the Green, /index.php/Galtry_the_Green
Galyeon of Cuy, /index.php/Galyeon_of_Cuy
Gared, /index.php/Gared
Gareth Clifton, /index.php/Gareth_Clifton
Gareth the Grey, /index.php/Gareth_the_Grey
Garigus, /index.php/Garigus
Garin (Orphans), /index.php/Garin_(Orphans)
Garin (Prince), /index.php/Garin_(Prince)
Gariss, /index.php/Gariss
Garizon, /index.php/Garizon
Garlan Tyrell, /index.php/Garlan_Tyrell
Garrett Flowers, /index.php/Garrett_Flowers
Garrett Paege, /index.php/Garrett_Paege
Garrison Prester, /index.php/Garrison_Prester
Garse Flowers, /index.php/Garse_Flowers
Garse Goodbrook, /index.php/Garse_Goodbrook
Garth of Greenaway, /index.php/Garth_of_Greenaway
Garth Gardener (Greenhand), /index.php/Garth_Gardener_(Greenhand)
Garth XII Gardener, /index.php/Garth_XII_Gardener
Garth Greenfield, /index.php/Garth_Greenfield
Garth Greyfeather, /index.php/Garth_Greyfeather
Garth Hightower, /index.php/Garth_Hightower
Garth of Oldtown, /index.php/Garth_of_Oldtown
Garth Tyrell, /index.php/Garth_Tyrell
Gascoyne, /index.php/Gascoyne
Gavin, /index.php/Gavin
Gawen Glover, /index.php/Gawen_Glover
Gawen Swann, /index.php/Gawen_Swann
Gawen Westerling, /index.php/Gawen_Westerling
Gawen Wylde, /index.php/Gawen_Wylde
Gelmarr, /index.php/Gelmarr
Gendel, /index.php/Gendel
Gendry, /index.php/Gendry
Genna Lannister, /index.php/Genna_Lannister
Gerald Gower, /index.php/Gerald_Gower
Gerardys, /index.php/Gerardys
Gerion Lannister, /index.php/Gerion_Lannister
Gerold Dayne, /index.php/Gerold_Dayne
Gerold Grafton, /index.php/Gerold_Grafton
Gerold Hightower, /index.php/Gerold_Hightower
Gerold Lannister, /index.php/Gerold_Lannister
Gerren, /index.php/Gerren
Gerrick Kingsblood, /index.php/Gerrick_Kingsblood
Gerris Drinkwater, /index.php/Gerris_Drinkwater
Gevin Harlaw, /index.php/Gevin_Harlaw
Ghael, /index.php/Ghael
Ghost of High Heart, /index.php/Ghost_of_High_Heart
Gilbert Farring, /index.php/Gilbert_Farring
Gillam, /index.php/Gillam
Gilly, /index.php/Gilly
Gilwood Hunter, /index.php/Gilwood_Hunter
Gladden Wylde, /index.php/Gladden_Wylde
Glendon Flowers, /index.php/Glendon_Flowers
Glendon Hewett, /index.php/Glendon_Hewett
Goady, /index.php/Goady
Godric Borrell, /index.php/Godric_Borrell
Godry Farring, /index.php/Godry_Farring
Godwyn, /index.php/Godwyn
Goghor the Giant, /index.php/Goghor_the_Giant
Goodwin, /index.php/Goodwin
Gorghan of Old Ghis, /index.php/Gorghan_of_Old_Ghis
Gormon Peake, /index.php/Gormon_Peake
Gormon Tyrell, /index.php/Gormon_Tyrell
Gormond Drumm, /index.php/Gormond_Drumm
Gormond Goodbrother, /index.php/Gormond_Goodbrother
Gorne, /index.php/Gorne
Gorold Goodbrother, /index.php/Gorold_Goodbrother
Gowen Baratheon, /index.php/Gowen_Baratheon
Gran Goodbrother, /index.php/Gran_Goodbrother
Grance Morrigen, /index.php/Grance_Morrigen
Grazdan, /index.php/Grazdan
Grazdan (Great), /index.php/Grazdan_(Great)
Grazdan mo Eraz, /index.php/Grazdan_mo_Eraz
Grazdan mo Ullhor, /index.php/Grazdan_mo_Ullhor
Grazdan zo Galare, /index.php/Grazdan_zo_Galare
Grazhar zo Galare, /index.php/Grazhar_zo_Galare
Great Walrus, /index.php/Great_Walrus
Green Gergen, /index.php/Green_Gergen
Greenbeard, /index.php/Greenbeard
Gregor Clegane, /index.php/Gregor_Clegane
Grenn, /index.php/Grenn
Gretchel, /index.php/Gretchel
Grey King, /index.php/Grey_King
Grey Worm, /index.php/Grey_Worm
Greydon Goodbrother, /index.php/Greydon_Goodbrother
Griffin King, /index.php/Griffin_King
Grigg, /index.php/Grigg
Grisel, /index.php/Grisel
Grisella, /index.php/Grisella
Groleo, /index.php/Groleo
Grubbs, /index.php/Grubbs
Grunt, /index.php/Grunt
Gueren, /index.php/Gueren
Gulian, /index.php/Gulian
Gulian Qorgyle, /index.php/Gulian_Qorgyle
Gulian Swann, /index.php/Gulian_Swann
Guncer Sunglass, /index.php/Guncer_Sunglass
Gunthor son of Gurn, /index.php/Gunthor_son_of_Gurn
Gunthor Hightower, /index.php/Gunthor_Hightower
Gurn, /index.php/Gurn
Guthor Grimm, /index.php/Guthor_Grimm
Guyard Morrigen, /index.php/Guyard_Morrigen
Guyne, /index.php/Guyne
Gwayne Corbray, /index.php/Gwayne_Corbray
Gwayne Gaunt, /index.php/Gwayne_Gaunt
Gwayne Hightower, /index.php/Gwayne_Hightower
Gwin Goodbrother, /index.php/Gwin_Goodbrother
Gwynesse Harlaw, /index.php/Gwynesse_Harlaw
Gylbert Farwynd, /index.php/Gylbert_Farwynd
Gyldayn, /index.php/Gyldayn
Gyleno Dothare, /index.php/Gyleno_Dothare
Gyles, /index.php/Gyles
Gyles Farwynd, /index.php/Gyles_Farwynd
Gyles III Gardener, /index.php/Gyles_III_Gardener
Gyles Grafton, /index.php/Gyles_Grafton
Gyles Rosby, /index.php/Gyles_Rosby
Gyloro Dothare, /index.php/Gyloro_Dothare
Gynir, /index.php/Gynir
Gysella Goodbrother, /index.php/Gysella_Goodbrother
Haegon Blackfyre, /index.php/Haegon_Blackfyre
Haggo, /index.php/Haggo
Haggon, /index.php/Haggon
Hairy Hal, /index.php/Hairy_Hal
Hake, /index.php/Hake
Hal (Hog), /index.php/Hal_(Hog)
Halder, /index.php/Halder
Haldon, /index.php/Haldon
Hali, /index.php/Hali
Hallis Mollen, /index.php/Hallis_Mollen
Hallyne, /index.php/Hallyne
Halmon Paege, /index.php/Halmon_Paege
Halys Hornwood, /index.php/Halys_Hornwood
Hamish the Harper, /index.php/Hamish_the_Harper
Harbert, /index.php/Harbert
Harbert Paege, /index.php/Harbert_Paege
Hareth (Maester), /index.php/Hareth_(Maester)
Hareth (Mole's Town), /index.php/Hareth_(Mole%27s_Town)
Harghaz, /index.php/Harghaz
Harlan Grandison, /index.php/Harlan_Grandison
Harlan Hunter, /index.php/Harlan_Hunter
Harle the Handsome, /index.php/Harle_the_Handsome
Harle the Huntsman, /index.php/Harle_the_Huntsman
Harlen Tyrell, /index.php/Harlen_Tyrell
Harlon Botley, /index.php/Harlon_Botley
Harlon Greyjoy, /index.php/Harlon_Greyjoy
Harma, /index.php/Harma
Harmen Uller, /index.php/Harmen_Uller
Harmond Umber, /index.php/Harmond_Umber
Harmund Sharp, /index.php/Harmund_Sharp
Harmune, /index.php/Harmune
Harodon, /index.php/Harodon
Harra, /index.php/Harra
Harrag Hoare, /index.php/Harrag_Hoare
Harrag Sharp, /index.php/Harrag_Sharp
Harras Harlaw, /index.php/Harras_Harlaw
Harren Botley, /index.php/Harren_Botley
Harren Half-Hoare, /index.php/Harren_Half-Hoare
Harren Hoare, /index.php/Harren_Hoare
Harrion Karstark, /index.php/Harrion_Karstark
Harrold Hardyng, /index.php/Harrold_Hardyng
Harrold Osgrey, /index.php/Harrold_Osgrey
Harrold Westerling, /index.php/Harrold_Westerling
Harry Sawyer, /index.php/Harry_Sawyer
Harry Strickland, /index.php/Harry_Strickland
Harsley, /index.php/Harsley
Harwin, /index.php/Harwin
Harwin Strong, /index.php/Harwin_Strong
Harwood Fell, /index.php/Harwood_Fell
Harwood Stout, /index.php/Harwood_Stout
Harwyn Hoare, /index.php/Harwyn_Hoare
Harwyn Plumm, /index.php/Harwyn_Plumm
Harys Haigh, /index.php/Harys_Haigh
Harys Swyft, /index.php/Harys_Swyft
Hayhead, /index.php/Hayhead
Hazrak zo Loraq, /index.php/Hazrak_zo_Loraq
Hazzea, /index.php/Hazzea
Helaena Targaryen, /index.php/Helaena_Targaryen
Helicent Uffering, /index.php/Helicent_Uffering
Helliweg, /index.php/Helliweg
Helly, /index.php/Helly
Helman Tallhart, /index.php/Helman_Tallhart
Helya, /index.php/Helya
Hendry Bracken, /index.php/Hendry_Bracken
Henk, /index.php/Henk
Henly (Maester), /index.php/Henly_(Maester)
Henly (House Ashford), /index.php/Henly_(House_Ashford)
Herbert Bolling, /index.php/Herbert_Bolling
Heward, /index.php/Heward
Hibald, /index.php/Hibald
High Sparrow, /index.php/High_Sparrow
Hilmar Drumm, /index.php/Hilmar_Drumm
Hizdahr zo Loraq, /index.php/Hizdahr_zo_Loraq
Lord Commander Hoare, /index.php/Lord_Commander_Hoare
Hoarfrost Umber, /index.php/Hoarfrost_Umber
Hobb, /index.php/Hobb
Hobber Redwyne, /index.php/Hobber_Redwyne
Hod, /index.php/Hod
Hodor, /index.php/Hodor
Hoke, /index.php/Hoke
Holger, /index.php/Holger
Holly, /index.php/Holly
Hop-Robin, /index.php/Hop-Robin
Horas Redwyne, /index.php/Horas_Redwyne
Horton Redfort, /index.php/Horton_Redfort
Hosman Norcross, /index.php/Hosman_Norcross
Hosteen Frey, /index.php/Hosteen_Frey
Hoster Frey, /index.php/Hoster_Frey
Hoster Tully, /index.php/Hoster_Tully
Hot Pie, /index.php/Hot_Pie
Hother Umber, /index.php/Hother_Umber
Hotho Harlaw, /index.php/Hotho_Harlaw
Howd Wanderer, /index.php/Howd_Wanderer
Howland Reed, /index.php/Howland_Reed
Hubard Rambton, /index.php/Hubard_Rambton
Hugh, /index.php/Hugh
Hugh Beesbury, /index.php/Hugh_Beesbury
Hugh Hammer, /index.php/Hugh_Hammer
Hugo Vance, /index.php/Hugo_Vance
Hugo Wull, /index.php/Hugo_Wull
Hugor of the Hill, /index.php/Hugor_of_the_Hill
Hullen, /index.php/Hullen
Humfrey Beesbury, /index.php/Humfrey_Beesbury
Humfrey Clifton, /index.php/Humfrey_Clifton
Humfrey Hardyng, /index.php/Humfrey_Hardyng
Humfrey Hewett, /index.php/Humfrey_Hewett
Humfrey Swyft, /index.php/Humfrey_Swyft
Humfrey Wagstaff, /index.php/Humfrey_Wagstaff
Hunnimore, /index.php/Hunnimore
Husband, /index.php/Husband
Hyle Hunt, /index.php/Hyle_Hunt
Iggo, /index.php/Iggo
Igon Vyrwel, /index.php/Igon_Vyrwel
Illifer, /index.php/Illifer
Illyrio Mopatis, /index.php/Illyrio_Mopatis
Ilyn Payne, /index.php/Ilyn_Payne
Imry Florent, /index.php/Imry_Florent
Iron Emmett, /index.php/Iron_Emmett
Ironbelly, /index.php/Ironbelly
Irri, /index.php/Irri
Jacelyn Bywater, /index.php/Jacelyn_Bywater
Jack-Be-Lucky, /index.php/Jack-Be-Lucky
Jacks, /index.php/Jacks
Jaehaera Targaryen, /index.php/Jaehaera_Targaryen
Jaehaerys I Targaryen, /index.php/Jaehaerys_I_Targaryen
Jaehaerys Targaryen (son of Aegon II), /index.php/Jaehaerys_Targaryen_(son_of_Aegon_II)
Jaehaerys II Targaryen, /index.php/Jaehaerys_II_Targaryen
Jafer Flowers, /index.php/Jafer_Flowers
Jaggot, /index.php/Jaggot
Jaime Frey, /index.php/Jaime_Frey
Jaime Lannister, /index.php/Jaime_Lannister
Jalabhar Xho, /index.php/Jalabhar_Xho
Jammos Frey, /index.php/Jammos_Frey
Janei Lannister, /index.php/Janei_Lannister
Janna Tyrell, /index.php/Janna_Tyrell
Janos Slynt, /index.php/Janos_Slynt
Jaqen H'ghar, /index.php/Jaqen_H%27ghar
Jared Frey, /index.php/Jared_Frey
Jaremy Rykker, /index.php/Jaremy_Rykker
Jarl, /index.php/Jarl
Jarmen Buckwell, /index.php/Jarmen_Buckwell
Jason Mallister, /index.php/Jason_Mallister
Jason Lannister, /index.php/Jason_Lannister
Jasper Arryn, /index.php/Jasper_Arryn
Jasper Wylde, /index.php/Jasper_Wylde
Jasper Redfort, /index.php/Jasper_Redfort
Jasper Waynwood, /index.php/Jasper_Waynwood
Jate, /index.php/Jate
Jate Blackberry, /index.php/Jate_Blackberry
Jayde, /index.php/Jayde
Jayne Bracken, /index.php/Jayne_Bracken
Jeffory Mallister, /index.php/Jeffory_Mallister
Jeffory Norcross, /index.php/Jeffory_Norcross
Jenny (Oldstones), /index.php/Jenny_(Oldstones)
Jeor Mormont, /index.php/Jeor_Mormont
Jeren, /index.php/Jeren
Squinty Jeyne, /index.php/Squinty_Jeyne
Jeyne Arryn, /index.php/Jeyne_Arryn
Jeyne Beesbury, /index.php/Jeyne_Beesbury
Jeyne Darry, /index.php/Jeyne_Darry
Jeyne Fossoway, /index.php/Jeyne_Fossoway
Jeyne Goodbrook, /index.php/Jeyne_Goodbrook
Jeyne Heddle, /index.php/Jeyne_Heddle
Jeyne Lothston, /index.php/Jeyne_Lothston
Jeyne Lydden, /index.php/Jeyne_Lydden
Jeyne Poole, /index.php/Jeyne_Poole
Jeyne Rivers, /index.php/Jeyne_Rivers
Jeyne Swann, /index.php/Jeyne_Swann
Jeyne Waters, /index.php/Jeyne_Waters
Jeyne Westerling (wife of Maegor I), /index.php/Jeyne_Westerling_(wife_of_Maegor_I)
Jeyne Westerling, /index.php/Jeyne_Westerling
Jhaqo, /index.php/Jhaqo
Jhezane, /index.php/Jhezane
Jhiqui, /index.php/Jhiqui
Jhogo, /index.php/Jhogo
Joanna Lannister, /index.php/Joanna_Lannister
Joanna Swyft, /index.php/Joanna_Swyft
Jocelyn Swyft, /index.php/Jocelyn_Swyft
Jodge, /index.php/Jodge
Joffrey Baratheon, /index.php/Joffrey_Baratheon
Joffrey Caswell, /index.php/Joffrey_Caswell
Joffrey Lonmouth, /index.php/Joffrey_Lonmouth
Johanna Swann, /index.php/Johanna_Swann
Jojen Reed, /index.php/Jojen_Reed
Jommo, /index.php/Jommo
Jommy, /index.php/Jommy
Jon Arryn, /index.php/Jon_Arryn
Jon Bettley, /index.php/Jon_Bettley
Jon Brax, /index.php/Jon_Brax
Jon Bulwer, /index.php/Jon_Bulwer
Jon Connington, /index.php/Jon_Connington
Jon Cupps, /index.php/Jon_Cupps
Jon Fossoway, /index.php/Jon_Fossoway
Jon Heddle, /index.php/Jon_Heddle
Jon Hollard, /index.php/Jon_Hollard
Jon Lynderly, /index.php/Jon_Lynderly
Jon Myre, /index.php/Jon_Myre
Jon O'Nutten, /index.php/Jon_O%27Nutten
Jon Penny, /index.php/Jon_Penny
Jon Penrose, /index.php/Jon_Penrose
Jon Pox, /index.php/Jon_Pox
Jon Redfort, /index.php/Jon_Redfort
Jon Snow, /index.php/Jon_Snow
Jon Umber (Greatjon), /index.php/Jon_Umber_(Greatjon)
Jon Umber (Smalljon), /index.php/Jon_Umber_(Smalljon)
Jon Vance, /index.php/Jon_Vance
Jon Waters, /index.php/Jon_Waters
Jon Wylde, /index.php/Jon_Wylde
Jonelle Cerwyn, /index.php/Jonelle_Cerwyn
Jonnel Stark, /index.php/Jonnel_Stark
Jonos Bracken, /index.php/Jonos_Bracken
Jonos Frey, /index.php/Jonos_Frey
Jonos Stark, /index.php/Jonos_Stark
Jonothor Darry, /index.php/Jonothor_Darry
Jorah Mormont, /index.php/Jorah_Mormont
Jorah Stark, /index.php/Jorah_Stark
Joramun, /index.php/Joramun
Jorelle Mormont, /index.php/Jorelle_Mormont
Jorgen, /index.php/Jorgen
Jorquen, /index.php/Jorquen
Jory Cassel, /index.php/Jory_Cassel
Joseran, /index.php/Joseran
Joseth, /index.php/Joseth
Joseth Mallister, /index.php/Joseth_Mallister
Josmyn Peckledon, /index.php/Josmyn_Peckledon
Joss, /index.php/Joss
Joss Stilwood, /index.php/Joss_Stilwood
Joss the Gloom, /index.php/Joss_the_Gloom
Josua Willum, /index.php/Josua_Willum
Joth Quickbow, /index.php/Joth_Quickbow
Jothos Slynt, /index.php/Jothos_Slynt
Joy Hill, /index.php/Joy_Hill
Joyeuse Erenford, /index.php/Joyeuse_Erenford
Jurne, /index.php/Jurne
Justin Massey, /index.php/Justin_Massey
Jyana, /index.php/Jyana
Jyanna Frey, /index.php/Jyanna_Frey
Jyck, /index.php/Jyck
Jynessa Blackmont, /index.php/Jynessa_Blackmont
Jyzene, /index.php/Jyzene
Kaeth, /index.php/Kaeth
Karlon Stark, /index.php/Karlon_Stark
Karyl Vance, /index.php/Karyl_Vance
Kedge Whiteye, /index.php/Kedge_Whiteye
Kedry, /index.php/Kedry
Kegs, /index.php/Kegs
Kella, /index.php/Kella
Kemmett Pyke, /index.php/Kemmett_Pyke
Kenned, /index.php/Kenned
Kennos of Kayce, /index.php/Kennos_of_Kayce
Ketter, /index.php/Ketter
Kevan Lannister, /index.php/Kevan_Lannister
Kezmya, /index.php/Kezmya
Khorane Sathmantes, /index.php/Khorane_Sathmantes
Khrazz, /index.php/Khrazz
Kindly Man, /index.php/Kindly_Man
Kirby Pimm, /index.php/Kirby_Pimm
Kirth Vance, /index.php/Kirth_Vance
House Templeton, /index.php/House_Templeton
Kojja Mo, /index.php/Kojja_Mo
Koss, /index.php/Koss
Kraznys mo Nakloz, /index.php/Kraznys_mo_Nakloz
Krazz, /index.php/Krazz
Kromm, /index.php/Kromm
Kurleket, /index.php/Kurleket
Kurz, /index.php/Kurz
Kyle, /index.php/Kyle
Kyle (brotherhood), /index.php/Kyle_(brotherhood)
Kyle Condon, /index.php/Kyle_Condon
Kyle Royce, /index.php/Kyle_Royce
Kyleg, /index.php/Kyleg
Kym, /index.php/Kym
Kyra, /index.php/Kyra
Kyra Frey, /index.php/Kyra_Frey
Lady of the Leaves, /index.php/Lady_of_the_Leaves
Laena Velaryon, /index.php/Laena_Velaryon
Laenor Velaryon, /index.php/Laenor_Velaryon
Lambert Turnberry, /index.php/Lambert_Turnberry
Lamprey, /index.php/Lamprey
Lancel V Lannister, /index.php/Lancel_V_Lannister
Lancel Lannister, /index.php/Lancel_Lannister
Lann the Clever, /index.php/Lann_the_Clever
Lanna, /index.php/Lanna
Lanna (Happy Port), /index.php/Lanna_(Happy_Port)
Lanna Lannister, /index.php/Lanna_Lannister
Larence Snow, /index.php/Larence_Snow
Lark, /index.php/Lark
Larra Blackmont, /index.php/Larra_Blackmont
Larraq, /index.php/Larraq
Larys Strong, /index.php/Larys_Strong
Layna, /index.php/Layna
Leana Frey, /index.php/Leana_Frey
Leathers, /index.php/Leathers
Left Hand Lew, /index.php/Left_Hand_Lew
Lem, /index.php/Lem
Lem (Standfast), /index.php/Lem_(Standfast)
Lenn, /index.php/Lenn
Lennocks, /index.php/Lennocks
Lenwood Tawney, /index.php/Lenwood_Tawney
Lenyl, /index.php/Lenyl
Leo Blackbar, /index.php/Leo_Blackbar
Leo Lefford, /index.php/Leo_Lefford
Leo Tyrell, /index.php/Leo_Tyrell
Leo Tyrell (Longthorn), /index.php/Leo_Tyrell_(Longthorn)
Leo Tyrell (son of Victor), /index.php/Leo_Tyrell_(son_of_Victor)
Leobald Tallhart, /index.php/Leobald_Tallhart
Leona Tyrell, /index.php/Leona_Tyrell
Leona Woolfield, /index.php/Leona_Woolfield
Leonella Lefford, /index.php/Leonella_Lefford
Leonette Fossoway, /index.php/Leonette_Fossoway
Leslyn Haigh, /index.php/Leslyn_Haigh
Lester, /index.php/Lester
Lester Morrigen, /index.php/Lester_Morrigen
Lew (guard), /index.php/Lew_(guard)
Lewis Lanster, /index.php/Lewis_Lanster
Lewyn Martell, /index.php/Lewyn_Martell
Lewys the Fishwife, /index.php/Lewys_the_Fishwife
Lewys Lydden, /index.php/Lewys_Lydden
Lewys Piper, /index.php/Lewys_Piper
Leyla Hightower, /index.php/Leyla_Hightower
Leyton Hightower, /index.php/Leyton_Hightower
Lharys, /index.php/Lharys
Lia Serry, /index.php/Lia_Serry
Liane Vance, /index.php/Liane_Vance
Likely Luke, /index.php/Likely_Luke
Lister, /index.php/Lister
Lollys Stokeworth, /index.php/Lollys_Stokeworth
Lomas Estermont, /index.php/Lomas_Estermont
Lommy Greenhands, /index.php/Lommy_Greenhands
Lomys, /index.php/Lomys
Long Lew, /index.php/Long_Lew
Loras Tyrell, /index.php/Loras_Tyrell
Lorcas, /index.php/Lorcas
Loren Lannister, /index.php/Loren_Lannister
Lorent Lorch, /index.php/Lorent_Lorch
Lorent Marbrand, /index.php/Lorent_Marbrand
Lorent Tyrell, /index.php/Lorent_Tyrell
Loreza Sand, /index.php/Loreza_Sand
Lorimer, /index.php/Lorimer
Lormelle, /index.php/Lormelle
Lorren, /index.php/Lorren
Lothar, /index.php/Lothar
Lothar Frey, /index.php/Lothar_Frey
Lothar Mallery, /index.php/Lothar_Mallery
Lotho Lornel, /index.php/Lotho_Lornel
Lothor Brune, /index.php/Lothor_Brune
Lucamore Strong, /index.php/Lucamore_Strong
Lucan, /index.php/Lucan
Lucantine Woodwright, /index.php/Lucantine_Woodwright
Lucas Blackwood, /index.php/Lucas_Blackwood
Lucas Codd, /index.php/Lucas_Codd
Lucas Corbray, /index.php/Lucas_Corbray
Lucas Inchfield, /index.php/Lucas_Inchfield
Lucas Lothston, /index.php/Lucas_Lothston
Lucas Nayland, /index.php/Lucas_Nayland
Lucas Roote, /index.php/Lucas_Roote
Lucas Tyrell, /index.php/Lucas_Tyrell
Luceon Frey, /index.php/Luceon_Frey
Lucias Vypren, /index.php/Lucias_Vypren
Lucifer Hardy, /index.php/Lucifer_Hardy
Lucimore Botley, /index.php/Lucimore_Botley
Lucion Lannister, /index.php/Lucion_Lannister
Luco Prestayn, /index.php/Luco_Prestayn
Lucos, /index.php/Lucos
Lucos Chyttering, /index.php/Lucos_Chyttering
Luke of Longtown, /index.php/Luke_of_Longtown
Lum, /index.php/Lum
Luthor Tyrell, /index.php/Luthor_Tyrell
Luthor Tyrell (son of Moryn), /index.php/Luthor_Tyrell_(son_of_Moryn)
Luthor Tyrell (son of Theodore), /index.php/Luthor_Tyrell_(son_of_Theodore)
Luton, /index.php/Luton
Luwin, /index.php/Luwin
Lyanna Mormont, /index.php/Lyanna_Mormont
Lyanna Stark, /index.php/Lyanna_Stark
Lyessa Flint, /index.php/Lyessa_Flint
Lyle Crakehall, /index.php/Lyle_Crakehall
Lyman Beesbury, /index.php/Lyman_Beesbury
Lyman Darry, /index.php/Lyman_Darry
Lymond Goodbrook, /index.php/Lymond_Goodbrook
Lymond Lychester, /index.php/Lymond_Lychester
Lymond Mallister, /index.php/Lymond_Mallister
Lymond Vikary, /index.php/Lymond_Vikary
Lyn Corbray, /index.php/Lyn_Corbray
Lync, /index.php/Lync
Lynesse Hightower, /index.php/Lynesse_Hightower
Lyonel (knight), /index.php/Lyonel_(knight)
Lyonel Baratheon, /index.php/Lyonel_Baratheon
Lyonel Bentley, /index.php/Lyonel_Bentley
Lyonel Corbray, /index.php/Lyonel_Corbray
Lyonel Frey, /index.php/Lyonel_Frey
Lyonel Selmy, /index.php/Lyonel_Selmy
Lyonel Strong, /index.php/Lyonel_Strong
Lyonel Tyrell (lord), /index.php/Lyonel_Tyrell_(lord)
Lyonel Tyrell (son of Leo), /index.php/Lyonel_Tyrell_(son_of_Leo)
Lyra Mormont, /index.php/Lyra_Mormont
Lysa Arryn, /index.php/Lysa_Arryn
Lysa Meadows, /index.php/Lysa_Meadows
Lysono Maar, /index.php/Lysono_Maar
Lythene Frey, /index.php/Lythene_Frey
Mace Tyrell, /index.php/Mace_Tyrell
Mad Huntsman, /index.php/Mad_Huntsman
Maddy, /index.php/Maddy
Maege Mormont, /index.php/Maege_Mormont
Maegelle Frey, /index.php/Maegelle_Frey
Maegor I Targaryen, /index.php/Maegor_I_Targaryen
Maekar Targaryen, /index.php/Maekar_Targaryen
Maelor Targaryen, /index.php/Maelor_Targaryen
Maelys Blackfyre, /index.php/Maelys_Blackfyre
Maerie (Goodwife), /index.php/Maerie_(Goodwife)
Maerie (Whore), /index.php/Maerie_(Whore)
Mag Mar Tun Doh Weg, /index.php/Mag_Mar_Tun_Doh_Weg
Maggy, /index.php/Maggy
Mago, /index.php/Mago
Malcolm, /index.php/Malcolm
Mallador Locke, /index.php/Mallador_Locke
Malleon, /index.php/Malleon
Malliard, /index.php/Malliard
Mallor, /index.php/Mallor
Mallor the Dornishman, /index.php/Mallor_the_Dornishman
Malwyn Frey, /index.php/Malwyn_Frey
Mance Rayder, /index.php/Mance_Rayder
Mandon Moore, /index.php/Mandon_Moore
Manfred Dondarrion, /index.php/Manfred_Dondarrion
Manfred Lothston, /index.php/Manfred_Lothston
Manfred Swann, /index.php/Manfred_Swann
Manfrey Martell, /index.php/Manfrey_Martell
Manfryd Lothston, /index.php/Manfryd_Lothston
Manfryd Yew, /index.php/Manfryd_Yew
Marei, /index.php/Marei
Margaery Tyrell, /index.php/Margaery_Tyrell
Marghaz zo Loraq, /index.php/Marghaz_zo_Loraq
Margot Lannister, /index.php/Margot_Lannister
Marianne Vance, /index.php/Marianne_Vance
Maric Seaworth, /index.php/Maric_Seaworth
Marillion, /index.php/Marillion
Maris, /index.php/Maris
Marissa Frey, /index.php/Marissa_Frey
Mariya Darry, /index.php/Mariya_Darry
Mark Mullendore, /index.php/Mark_Mullendore
Mark Ryswell, /index.php/Mark_Ryswell
Marlon Manderly, /index.php/Marlon_Manderly
Maron Botley, /index.php/Maron_Botley
Maron Greyjoy, /index.php/Maron_Greyjoy
Maron Martell, /index.php/Maron_Martell
Maron Volmark, /index.php/Maron_Volmark
Marq Grafton, /index.php/Marq_Grafton
Marq Piper, /index.php/Marq_Piper
Marq Rankenfell, /index.php/Marq_Rankenfell
Marsella Waynwood, /index.php/Marsella_Waynwood
Matarys Targaryen, /index.php/Matarys_Targaryen
Martyn Cassel, /index.php/Martyn_Cassel
Martyn Lannister, /index.php/Martyn_Lannister
Martyn Mullendore, /index.php/Martyn_Mullendore
Martyn Rivers, /index.php/Martyn_Rivers
Marwyn, /index.php/Marwyn
Marwyn Belmore, /index.php/Marwyn_Belmore
Marya Seaworth, /index.php/Marya_Seaworth
Masha Heddle, /index.php/Masha_Heddle
Maslyn, /index.php/Maslyn
Matarys Targaryen, /index.php/Matarys_Targaryen
Mathis Frey, /index.php/Mathis_Frey
Mathis Rowan, /index.php/Mathis_Rowan
Mathos Mallarawan, /index.php/Mathos_Mallarawan
Matrice, /index.php/Matrice
Matt, /index.php/Matt
Matthar, /index.php/Matthar
Matthos Seaworth, /index.php/Matthos_Seaworth
Mawney, /index.php/Mawney
Maynard, /index.php/Maynard
Maynard Plumm, /index.php/Maynard_Plumm
Mazdhan zo Loraq, /index.php/Mazdhan_zo_Loraq
Mebble, /index.php/Mebble
Medgar Tully, /index.php/Medgar_Tully
Medger Cerwyn, /index.php/Medger_Cerwyn
Medwick Tyrell, /index.php/Medwick_Tyrell
Meera Reed, /index.php/Meera_Reed
Meg, /index.php/Meg
Megga Tyrell, /index.php/Megga_Tyrell
Meha, /index.php/Meha
Meizo Mahr, /index.php/Meizo_Mahr
Mela, /index.php/Mela
Melaquin, /index.php/Melaquin
Melara Crane, /index.php/Melara_Crane
Melara Hetherspoon, /index.php/Melara_Hetherspoon
Meldred Merlyn, /index.php/Meldred_Merlyn
Melesa Crakehall, /index.php/Melesa_Crakehall
Melessa Florent, /index.php/Melessa_Florent
Meliana, /index.php/Meliana
Melicent, /index.php/Melicent
Melisandre, /index.php/Melisandre
Melissa Blackwood, /index.php/Melissa_Blackwood
Mellara Rivers, /index.php/Mellara_Rivers
Mellei, /index.php/Mellei
Mellos, /index.php/Mellos
Melly, /index.php/Melly
Melwyn Sarsfield, /index.php/Melwyn_Sarsfield
Melwys Rivers, /index.php/Melwys_Rivers
Meralyn, /index.php/Meralyn
Meredyth Crane, /index.php/Meredyth_Crane
Merianne Frey, /index.php/Merianne_Frey
Meribald, /index.php/Meribald
Merling Queen, /index.php/Merling_Queen
Merlon Crakehall, /index.php/Merlon_Crakehall
Mern Gardener, /index.php/Mern_Gardener
Mero, /index.php/Mero
Merrell Florent, /index.php/Merrell_Florent
Merrett Frey, /index.php/Merrett_Frey
Merrit, /index.php/Merrit
Merry Meg, /index.php/Merry_Meg
Meryn Trant, /index.php/Meryn_Trant
Mezzara, /index.php/Mezzara
Michael Mertyns, /index.php/Michael_Mertyns
Mikken, /index.php/Mikken
Miklaz, /index.php/Miklaz
Mina Tyrell, /index.php/Mina_Tyrell
Minisa Whent, /index.php/Minisa_Whent
Mirri Maz Duur, /index.php/Mirri_Maz_Duur
Missandei, /index.php/Missandei
Moelle, /index.php/Moelle
Mohor, /index.php/Mohor
Mollander, /index.php/Mollander
Mollos, /index.php/Mollos
Monford Velaryon, /index.php/Monford_Velaryon
Monster, /index.php/Monster
Monterys Velaryon, /index.php/Monterys_Velaryon
Moon Boy, /index.php/Moon_Boy
Moonshadow, /index.php/Moonshadow
Moqorro, /index.php/Moqorro
Mord, /index.php/Mord
Mordane, /index.php/Mordane
Moredo Prestayn, /index.php/Moredo_Prestayn
Moreo Tumitis, /index.php/Moreo_Tumitis
Morgarth, /index.php/Morgarth
Morgil, /index.php/Morgil
Moribald Chester, /index.php/Moribald_Chester
Morna White Mask, /index.php/Morna_White_Mask
Moro, /index.php/Moro
Moro (Century of Blood), /index.php/Moro_(Century_of_Blood)
Morosh the Myrman, /index.php/Morosh_the_Myrman
Morra, /index.php/Morra
Morrec, /index.php/Morrec
Morros Slynt, /index.php/Morros_Slynt
Mors Manwoody, /index.php/Mors_Manwoody
Mors Martell, /index.php/Mors_Martell
Mors Martell (brother of Doran), /index.php/Mors_Martell_(brother_of_Doran)
Mors Umber, /index.php/Mors_Umber
Mortimer Boggs, /index.php/Mortimer_Boggs
Morton Waynwood, /index.php/Morton_Waynwood
Morya Frey, /index.php/Morya_Frey
Moryn Tyrell, /index.php/Moryn_Tyrell
Mother Mole, /index.php/Mother_Mole
Mudge (brotherhood), /index.php/Mudge_(brotherhood)
Mudge (miller), /index.php/Mudge_(miller)
Mudge (swineherd), /index.php/Mudge_(swineherd)
Mullin, /index.php/Mullin
Mully, /index.php/Mully
Munciter, /index.php/Munciter
Munda, /index.php/Munda
Murch, /index.php/Murch
Murch (Winterfell), /index.php/Murch_(Winterfell)
Murenmure, /index.php/Murenmure
Murmison, /index.php/Murmison
Mushroom, /index.php/Mushroom
Muttering Bill, /index.php/Muttering_Bill
Mya Stone, /index.php/Mya_Stone
Mycah, /index.php/Mycah
Mychel Redfort, /index.php/Mychel_Redfort
Mylenda Caron, /index.php/Mylenda_Caron
Myles, /index.php/Myles
Myles (squire), /index.php/Myles_(squire)
Myles Manwoody, /index.php/Myles_Manwoody
Myles Mooton, /index.php/Myles_Mooton
Myles Smallwood, /index.php/Myles_Smallwood
Myranda Royce, /index.php/Myranda_Royce
Myrcella Baratheon, /index.php/Myrcella_Baratheon
Myria Jordayne, /index.php/Myria_Jordayne
Myriah Martell, /index.php/Myriah_Martell
Myrielle Lannister, /index.php/Myrielle_Lannister
Myrtle, /index.php/Myrtle
Mysaria, /index.php/Mysaria
Naerys Targaryen, /index.php/Naerys_Targaryen
Nage, /index.php/Nage
Nail, /index.php/Nail
Nan, /index.php/Nan
Narbert, /index.php/Narbert
Narbo, /index.php/Narbo
Ned (ferryman), /index.php/Ned_(ferryman)
Ned Woods, /index.php/Ned_Woods
Nella, /index.php/Nella
Nestor Royce, /index.php/Nestor_Royce
Nettles, /index.php/Nettles
Nightingale, /index.php/Nightingale
Nissa Nissa, /index.php/Nissa_Nissa
Noho Dimittis, /index.php/Noho_Dimittis
Nolla, /index.php/Nolla
Norbert Vance, /index.php/Norbert_Vance
Norjen, /index.php/Norjen
Normund Tyrell, /index.php/Normund_Tyrell
Norne Goodbrother, /index.php/Norne_Goodbrother
Norren, /index.php/Norren
Notch, /index.php/Notch
Nute, /index.php/Nute
Nymella Toland, /index.php/Nymella_Toland
Nymeria, /index.php/Nymeria
Nymeria Sand, /index.php/Nymeria_Sand
Nymos, /index.php/Nymos
Nysterica, /index.php/Nysterica
Obara Sand, /index.php/Obara_Sand
Obella Sand, /index.php/Obella_Sand
Oberyn Martell, /index.php/Oberyn_Martell
Ocley, /index.php/Ocley
Ogo, /index.php/Ogo
Old Bill Bones (page does not exist), /index.php?title=Old_Bill_Bones&action=edit&redlink=1
Old Crackbones, /index.php/Old_Crackbones
Old Grey Gull, /index.php/Old_Grey_Gull
Old Henly, /index.php/Old_Henly
Old Tattersalt, /index.php/Old_Tattersalt
Olene Tyrell, /index.php/Olene_Tyrell
Olenna Redwyne, /index.php/Olenna_Redwyne
Ollidor, /index.php/Ollidor
Ollo Lophand, /index.php/Ollo_Lophand
Olymer Tyrell, /index.php/Olymer_Tyrell
Olyvar Frey, /index.php/Olyvar_Frey
Olyvar Oakheart, /index.php/Olyvar_Oakheart
Omer Blackberry, /index.php/Omer_Blackberry
Omer Florent, /index.php/Omer_Florent
Ondrew Locke, /index.php/Ondrew_Locke
Orbelo, /index.php/Orbelo
Orbert Caswell, /index.php/Orbert_Caswell
Ordello, /index.php/Ordello
Orell, /index.php/Orell
Orivel, /index.php/Orivel
Orland of Oldtown, /index.php/Orland_of_Oldtown
Ormond (knight), /index.php/Ormond_(knight)
Ormond Osgrey, /index.php/Ormond_Osgrey
Ormond Westerling, /index.php/Ormond_Westerling
Ormond Yronwood, /index.php/Ormond_Yronwood
Ormund Wylde, /index.php/Ormund_Wylde
Oro Tendyris, /index.php/Oro_Tendyris
Orwyle, /index.php/Orwyle
Orphan Oss, /index.php/Orphan_Oss
Orton Merryweather, /index.php/Orton_Merryweather
Orys Baratheon, /index.php/Orys_Baratheon
Osbert Serry, /index.php/Osbert_Serry
Osfryd Kettleblack, /index.php/Osfryd_Kettleblack
Osha, /index.php/Osha
Osmund Frey, /index.php/Osmund_Frey
Osmund Kettleblack, /index.php/Osmund_Kettleblack
Osmynd, /index.php/Osmynd
Osney Kettleblack, /index.php/Osney_Kettleblack
Ossifer Plumm, /index.php/Ossifer_Plumm
Ossy, /index.php/Ossy
Oswell Kettleblack, /index.php/Oswell_Kettleblack
Oswell Whent, /index.php/Oswell_Whent
Oswyn, /index.php/Oswyn
Othell Yarwyck, /index.php/Othell_Yarwyck
Otho Bracken, /index.php/Otho_Bracken
Othor, /index.php/Othor
Otter Gimpknee, /index.php/Otter_Gimpknee
Otto Hightower, /index.php/Otto_Hightower
Ottomore, /index.php/Ottomore
Ottyn Wythers, /index.php/Ottyn_Wythers
Owen the Oaf, /index.php/Owen_the_Oaf
Owen (brother of Meribald), /index.php/Owen_(brother_of_Meribald)
Owen Inchfield, /index.php/Owen_Inchfield
Owen Norrey, /index.php/Owen_Norrey
Oznak zo Pahl, /index.php/Oznak_zo_Pahl
Palla, /index.php/Palla
Parmen Crane, /index.php/Parmen_Crane
Patchface, /index.php/Patchface
Pate, /index.php/Pate
Pate (King's Landing), /index.php/Pate_(King%27s_Landing)
Pate (Lancewood), /index.php/Pate_(Lancewood)
Pate (Mory), /index.php/Pate_(Mory)
Pate of the Blue Fork, /index.php/Pate_of_the_Blue_Fork
Pate (Old), /index.php/Pate_(Old)
Pate (Pinchbottom), /index.php/Pate_(Pinchbottom)
Pate (Night's Watch), /index.php/Pate_(Night%27s_Watch)
Pate (Shermer's Grove), /index.php/Pate_(Shermer%27s_Grove)
Pate (Standfast), /index.php/Pate_(Standfast)
Patrek Mallister, /index.php/Patrek_Mallister
Patrek Vance, /index.php/Patrek_Vance
Paxter Redwyne, /index.php/Paxter_Redwyne
Pearse Caron, /index.php/Pearse_Caron
Penny, /index.php/Penny
Penny Jenny, /index.php/Penny_Jenny
Perra Frey, /index.php/Perra_Frey
Perriane Frey, /index.php/Perriane_Frey
Perros Blackmont, /index.php/Perros_Blackmont
Perwyn Frey, /index.php/Perwyn_Frey
Perwyn Osgrey, /index.php/Perwyn_Osgrey
Peter Plumm, /index.php/Peter_Plumm
Petyr Baelish, /index.php/Petyr_Baelish
Petyr Frey, /index.php/Petyr_Frey
Philip Foote, /index.php/Philip_Foote
Philip Plumm, /index.php/Philip_Plumm
Pia, /index.php/Pia
Plummer, /index.php/Plummer
Podrick Payne, /index.php/Podrick_Payne
Poetess, /index.php/Poetess
Pollitor, /index.php/Pollitor
Polliver, /index.php/Polliver
Pono, /index.php/Pono
Porridge, /index.php/Porridge
Porther, /index.php/Porther
Portifer Woodwright, /index.php/Portifer_Woodwright
Poul Pemford, /index.php/Poul_Pemford
Poxy Tym, /index.php/Poxy_Tym
Praed, /index.php/Praed
Prendahl na Ghezn, /index.php/Prendahl_na_Ghezn
Preston Greenfield, /index.php/Preston_Greenfield
Puckens, /index.php/Puckens
Pudding, /index.php/Pudding
Puddingfoot, /index.php/Puddingfoot
Pyat Pree, /index.php/Pyat_Pree
Pycelle, /index.php/Pycelle
Pyg, /index.php/Pyg
Pylos, /index.php/Pylos
Pypar, /index.php/Pypar
Qalen, /index.php/Qalen
Qarl the Maid, /index.php/Qarl_the_Maid
Qarl the Thrall, /index.php/Qarl_the_Thrall
Qarl Correy, /index.php/Qarl_Correy
Qarl Kenning, /index.php/Qarl_Kenning
Qarl Quickaxe, /index.php/Qarl_Quickaxe
Qarl Shepherd, /index.php/Qarl_Shepherd
Qarlton Chelsted, /index.php/Qarlton_Chelsted
Qarro Volentin, /index.php/Qarro_Volentin
Qezza, /index.php/Qezza
Qhorin Halfhand, /index.php/Qhorin_Halfhand
Lord Commander Qorgyle, /index.php/Lord_Commander_Qorgyle
Qos, /index.php/Qos
Qotho, /index.php/Qotho
Quaithe, /index.php/Quaithe
Quaro, /index.php/Quaro
Quellon Botley, /index.php/Quellon_Botley
Quellon Greyjoy, /index.php/Quellon_Greyjoy
Quellon Humble, /index.php/Quellon_Humble
Quence, /index.php/Quence
Quent, /index.php/Quent
Quenten Banefort, /index.php/Quenten_Banefort
Quentin Tyrell, /index.php/Quentin_Tyrell
Quenton Greyjoy, /index.php/Quenton_Greyjoy
Quenton Hightower, /index.php/Quenton_Hightower
Quentyn Ball, /index.php/Quentyn_Ball
Quentyn Blackwood, /index.php/Quentyn_Blackwood
Quentyn Martell, /index.php/Quentyn_Martell
Quentyn Qorgyle, /index.php/Quentyn_Qorgyle
Quhuru Mo, /index.php/Quhuru_Mo
Quickfinger, /index.php/Quickfinger
Quill, /index.php/Quill
Quincy Cox, /index.php/Quincy_Cox
Quort, /index.php/Quort
Qyburn, /index.php/Qyburn
Qyle, /index.php/Qyle
Racallio Ryndoon, /index.php/Racallio_Ryndoon
Rafe, /index.php/Rafe
Rafford, /index.php/Rafford
Ragnor Pyke, /index.php/Ragnor_Pyke
Ragwyle, /index.php/Ragwyle
Rainbow Knight, /index.php/Rainbow_Knight
Rakharo, /index.php/Rakharo
Ralf (Limper), /index.php/Ralf_(Limper)
Ralf (Lordsport), /index.php/Ralf_(Lordsport)
Ralf (Shepherd), /index.php/Ralf_(Shepherd)
Ralf Kenning, /index.php/Ralf_Kenning
Ralf Stonehouse, /index.php/Ralf_Stonehouse
Ramsay Snow, /index.php/Ramsay_Snow
Randa, /index.php/Randa
Randyll Tarly, /index.php/Randyll_Tarly
Rast, /index.php/Rast
Rat Cook, /index.php/Rat_Cook
Rattleshirt, /index.php/Rattleshirt
Ravella Swann, /index.php/Ravella_Swann
Rawney, /index.php/Rawney
Raymar Royce, /index.php/Raymar_Royce
Raymond Nayland, /index.php/Raymond_Nayland
Raymun Redbeard, /index.php/Raymun_Redbeard
Raymun Darry, /index.php/Raymun_Darry
Raymun Fossoway, /index.php/Raymun_Fossoway
Raymund Frey, /index.php/Raymund_Frey
Raymund Tyrell, /index.php/Raymund_Tyrell
Raynald Westerling, /index.php/Raynald_Westerling
Raynard, /index.php/Raynard
Raynard Ruttiger, /index.php/Raynard_Ruttiger
Red Alyn of the Rosewood, /index.php/Red_Alyn_of_the_Rosewood
Red Lamb, /index.php/Red_Lamb
Red Oarsman, /index.php/Red_Oarsman
Red Rolfe, /index.php/Red_Rolfe
Redtusk, /index.php/Redtusk
Redwyn, /index.php/Redwyn
Reek, /index.php/Reek
Regenard Estren, /index.php/Regenard_Estren
Renfred Rykker, /index.php/Renfred_Rykker
Renly Baratheon, /index.php/Renly_Baratheon
Renly Norcross, /index.php/Renly_Norcross
Rennifer Longwaters, /index.php/Rennifer_Longwaters
Reynard Webber, /index.php/Reynard_Webber
Reysen, /index.php/Reysen
Reznak mo Reznak, /index.php/Reznak_mo_Reznak
Rhae Targaryen, /index.php/Rhae_Targaryen
Rhaegar Frey, /index.php/Rhaegar_Frey
Rhaegar Targaryen, /index.php/Rhaegar_Targaryen
Rhaegel Targaryen, /index.php/Rhaegel_Targaryen
Rhaego, /index.php/Rhaego
Rhaella Targaryen, /index.php/Rhaella_Targaryen
Rhaelle Targaryen, /index.php/Rhaelle_Targaryen
Rhaena Targaryen (daughter of Daemon), /index.php/Rhaena_Targaryen_(daughter_of_Daemon)
Rhaena Targaryen (daughter of Aegon III), /index.php/Rhaena_Targaryen_(daughter_of_Aegon_III)
Rhaenys Targaryen, /index.php/Rhaenys_Targaryen
Rhaenys Targaryen (daughter of Aemon), /index.php/Rhaenys_Targaryen_(daughter_of_Aemon)
Rhaenys Targaryen (daughter of Rhaegar), /index.php/Rhaenys_Targaryen_(daughter_of_Rhaegar)
Rhea Florent, /index.php/Rhea_Florent
Rhea Royce, /index.php/Rhea_Royce
Rhialta Vance, /index.php/Rhialta_Vance
Rhogoro, /index.php/Rhogoro
Rhonda Rowan, /index.php/Rhonda_Rowan
Ricasso, /index.php/Ricasso
Richard Farrow, /index.php/Richard_Farrow
Richard Horpe, /index.php/Richard_Horpe
Richard Lonmouth, /index.php/Richard_Lonmouth
Rickard Karstark, /index.php/Rickard_Karstark
Rickard Ryswell, /index.php/Rickard_Ryswell
Rickard Stark (King), /index.php/Rickard_Stark_(King)
Rickard Stark, /index.php/Rickard_Stark
Rickard Thorne, /index.php/Rickard_Thorne
Rickard Tyrell, /index.php/Rickard_Tyrell
Rickard Wylde, /index.php/Rickard_Wylde
Rickon Stark, /index.php/Rickon_Stark
Rigney, /index.php/Rigney
Rob, /index.php/Rob
Robar Royce, /index.php/Robar_Royce
Robb Reyne, /index.php/Robb_Reyne
Robb Stark, /index.php/Robb_Stark
Robert Arryn, /index.php/Robert_Arryn
Robert Ashford, /index.php/Robert_Ashford
Robert Baratheon, /index.php/Robert_Baratheon
Robert Brax, /index.php/Robert_Brax
Robert Brax (son of Flement), /index.php/Robert_Brax_(son_of_Flement)
Robert Flowers, /index.php/Robert_Flowers
Robert Frey, /index.php/Robert_Frey
Robert Frey (son of Raymund), /index.php/Robert_Frey_(son_of_Raymund)
Robert Paege, /index.php/Robert_Paege
Robett Glover, /index.php/Robett_Glover
Robin, /index.php/Robin
Robin (Flea Bottom) (page does not exist), /index.php?title=Robin_(Flea_Bottom)&action=edit&redlink=1
Robin Flint, /index.php/Robin_Flint
Robin Greyjoy, /index.php/Robin_Greyjoy
Robin Hill, /index.php/Robin_Hill
Robin Hollard, /index.php/Robin_Hollard
Robin Moreland, /index.php/Robin_Moreland
Robin Potter, /index.php/Robin_Potter
Robin Ryger, /index.php/Robin_Ryger
Robyn Rhysling, /index.php/Robyn_Rhysling
Rodrik Cassel, /index.php/Rodrik_Cassel
Rodrik Flint, /index.php/Rodrik_Flint
Rodrik Freeborn, /index.php/Rodrik_Freeborn
Rodrik Greyjoy, /index.php/Rodrik_Greyjoy
Rodrik Harlaw, /index.php/Rodrik_Harlaw
Rodrik Ryswell, /index.php/Rodrik_Ryswell
Rodrik Stark, /index.php/Rodrik_Stark
Rodrik Stark (son of Beron), /index.php/Rodrik_Stark_(son_of_Beron)
Rodwell Stark, /index.php/Rodwell_Stark
Roelle, /index.php/Roelle
Roger of Pennytree, /index.php/Roger_of_Pennytree
Roger Hogg, /index.php/Roger_Hogg
Roger Ryswell, /index.php/Roger_Ryswell
Roggo, /index.php/Roggo
Rohanne Webber, /index.php/Rohanne_Webber
Roland Crakehall (Lord), /index.php/Roland_Crakehall_(Lord)
Roland Crakehall (Kingsguard), /index.php/Roland_Crakehall_(Kingsguard)
Rolder, /index.php/Rolder
Rolfe, /index.php/Rolfe
Rollam Westerling, /index.php/Rollam_Westerling
Rolland Darklyn, /index.php/Rolland_Darklyn
Rolland Longthorpe, /index.php/Rolland_Longthorpe
Rolland Storm, /index.php/Rolland_Storm
Rolland Uffering, /index.php/Rolland_Uffering
Rolley, /index.php/Rolley
Rolly Duckfield, /index.php/Rolly_Duckfield
Rolph Spicer, /index.php/Rolph_Spicer
Romny Weaver, /index.php/Romny_Weaver
Ronald Connington, /index.php/Ronald_Connington
Ronald Storm, /index.php/Ronald_Storm
Ronald Vance, /index.php/Ronald_Vance
Ronel Rivers, /index.php/Ronel_Rivers
Ronnel Arryn, /index.php/Ronnel_Arryn
Ronnel Harclay, /index.php/Ronnel_Harclay
Ronnel Stout, /index.php/Ronnel_Stout
Ronnet Connington, /index.php/Ronnet_Connington
Roone, /index.php/Roone
Roone (maester), /index.php/Roone_(maester)
Roose Bolton, /index.php/Roose_Bolton
Roose Ryswell, /index.php/Roose_Ryswell
Rorge, /index.php/Rorge
Roro Uhoris, /index.php/Roro_Uhoris
Roryn Drumm, /index.php/Roryn_Drumm
Rosamund Lannister, /index.php/Rosamund_Lannister
Rosey, /index.php/Rosey
Roslin Frey, /index.php/Roslin_Frey
Rossart, /index.php/Rossart
Rowan, /index.php/Rowan
Royce Coldwater, /index.php/Royce_Coldwater
Rudge, /index.php/Rudge
Rufus Leek, /index.php/Rufus_Leek
Rugen, /index.php/Rugen
Runcel Hightower, /index.php/Runcel_Hightower
Runciter, /index.php/Runciter
Rupert Brax, /index.php/Rupert_Brax
Rupert Crabb, /index.php/Rupert_Crabb
Rus, /index.php/Rus
Rusty Flowers, /index.php/Rusty_Flowers
Ryam, /index.php/Ryam
Ryam Florent, /index.php/Ryam_Florent
Ryam Redwyne, /index.php/Ryam_Redwyne
Rycherd Crane, /index.php/Rycherd_Crane
Ryella Frey, /index.php/Ryella_Frey
Ryella Royce, /index.php/Ryella_Royce
Ryger Rivers, /index.php/Ryger_Rivers
Ryk, /index.php/Ryk
Rylene Florent, /index.php/Rylene_Florent
Ryles, /index.php/Ryles
Ryman Frey, /index.php/Ryman_Frey
Rymolf, /index.php/Rymolf
Rymund the Rhymer, /index.php/Rymund_the_Rhymer
Ryon Allyrion, /index.php/Ryon_Allyrion
S'vrone, /index.php/S%27vrone
Saathos, /index.php/Saathos
Saera Targaryen, /index.php/Saera_Targaryen
Sailor's Wife, /index.php/Sailor%27s_Wife
Salladhor Saan, /index.php/Salladhor_Saan
Sallei Paege, /index.php/Sallei_Paege
Sallor, /index.php/Sallor
Salloreon, /index.php/Salloreon
Sam Stoops, /index.php/Sam_Stoops
Samwell Spicer, /index.php/Samwell_Spicer
Samwell Stone, /index.php/Samwell_Stone
Samwell Tarly, /index.php/Samwell_Tarly
Sandor Clegane, /index.php/Sandor_Clegane
Sandor Frey, /index.php/Sandor_Frey
Sansa Stark, /index.php/Sansa_Stark
Sarella Sand, /index.php/Sarella_Sand
Sargon Botley, /index.php/Sargon_Botley
Sarra Frey, /index.php/Sarra_Frey
Sarya Whent, /index.php/Sarya_Whent
Satin, /index.php/Satin
Sawane Botley, /index.php/Sawane_Botley
Sawwood, /index.php/Sawwood
Scarb, /index.php/Scarb
Scolera, /index.php/Scolera
Sebaston Farman, /index.php/Sebaston_Farman
Sedgekins, /index.php/Sedgekins
Sefton Staunton, /index.php/Sefton_Staunton
Selmond Stackspear, /index.php/Selmond_Stackspear
Selwyn Tarth, /index.php/Selwyn_Tarth
Selyse Florent, /index.php/Selyse_Florent
Senelle, /index.php/Senelle
Serala, /index.php/Serala
Serra, /index.php/Serra
Serra Frey, /index.php/Serra_Frey
Serwyn of the Mirror Shield, /index.php/Serwyn_of_the_Mirror_Shield
Shadrick, /index.php/Shadrick
Shae, /index.php/Shae
Shagga, /index.php/Shagga
Shagwell, /index.php/Shagwell
Sharna, /index.php/Sharna
Shella, /index.php/Shella
Shella Whent, /index.php/Shella_Whent
Sherrit, /index.php/Sherrit
Shiera Crakehall, /index.php/Shiera_Crakehall
Shiera Seastar, /index.php/Shiera_Seastar
Shierle Swyft, /index.php/Shierle_Swyft
Shireen Baratheon, /index.php/Shireen_Baratheon
Shirei Frey, /index.php/Shirei_Frey
Shortear, /index.php/Shortear
Shyra, /index.php/Shyra
Shyra Errol, /index.php/Shyra_Errol
Sigfry Stonetree, /index.php/Sigfry_Stonetree
Sigfryd Harlaw, /index.php/Sigfryd_Harlaw
Sigrin, /index.php/Sigrin
Simon Leygood, /index.php/Simon_Leygood
Simon Staunton, /index.php/Simon_Staunton
Simon Toyne, /index.php/Simon_Toyne
Skahaz mo Kandaq, /index.php/Skahaz_mo_Kandaq
Skinner, /index.php/Skinner
Skittrick, /index.php/Skittrick
Sky Blue Su, /index.php/Sky_Blue_Su
Skyte, /index.php/Skyte
Sleepy Jack, /index.php/Sleepy_Jack
Sloey, /index.php/Sloey
Sly (stableboy), /index.php/Sly_(stableboy)
Small Paul, /index.php/Small_Paul
Smiling Knight, /index.php/Smiling_Knight
Soren Shieldbreaker, /index.php/Soren_Shieldbreaker
Sour Alyn, /index.php/Sour_Alyn
Spare Boot, /index.php/Spare_Boot
Softfoot, /index.php/Softfoot
Spotted Cat, /index.php/Spotted_Cat
Spotted Pate of Maidenpool, /index.php/Spotted_Pate_of_Maidenpool
Squint, /index.php/Squint
Squirrel, /index.php/Squirrel
Stafford Lannister, /index.php/Stafford_Lannister
Stalwart Shield, /index.php/Stalwart_Shield
Stannis Baratheon, /index.php/Stannis_Baratheon
Stannis Seaworth, /index.php/Stannis_Seaworth
Lord Staunton, /index.php/Lord_Staunton
Steelskin, /index.php/Steelskin
Steely Pate, /index.php/Steely_Pate
Steffarion Sparr, /index.php/Steffarion_Sparr
Steffon Baratheon, /index.php/Steffon_Baratheon
Steffon Fossoway, /index.php/Steffon_Fossoway
Steffon Frey, /index.php/Steffon_Frey
Steffon Hollard, /index.php/Steffon_Hollard
Steffon Seaworth, /index.php/Steffon_Seaworth
Steffon Stackspear, /index.php/Steffon_Stackspear
Steffon Swyft, /index.php/Steffon_Swyft
Steffon Darklyn, /index.php/Steffon_Darklyn
Steffon Varner, /index.php/Steffon_Varner
Stevron Frey, /index.php/Stevron_Frey
Stiv, /index.php/Stiv
Stone Thumbs, /index.php/Stone_Thumbs
Stonehand, /index.php/Stonehand
Stonesnake, /index.php/Stonesnake
Stygg, /index.php/Stygg
Styr, /index.php/Styr
Sumner Crakehall, /index.php/Sumner_Crakehall
Sybassion, /index.php/Sybassion
Sybell Spicer, /index.php/Sybell_Spicer
Sybelle Glover, /index.php/Sybelle_Glover
Sylas, /index.php/Sylas
Sylas Flatnose, /index.php/Sylas_Flatnose
Sylva Santagar, /index.php/Sylva_Santagar
Sylwa Paege, /index.php/Sylwa_Paege
Symeon Star-Eyes, /index.php/Symeon_Star-Eyes
Symon Hollard, /index.php/Symon_Hollard
Symon Santagar, /index.php/Symon_Santagar
Symon Silver Tongue, /index.php/Symon_Silver_Tongue
Symon Stripeback, /index.php/Symon_Stripeback
Symond Botley, /index.php/Symond_Botley
Symond Frey, /index.php/Symond_Frey
Symond Templeton, /index.php/Symond_Templeton
Syrio Forel, /index.php/Syrio_Forel
Taena of Myr, /index.php/Taena_of_Myr
Tagganaro, /index.php/Tagganaro
Tal Toraq, /index.php/Tal_Toraq
Talea, /index.php/Talea
Talla Tarly, /index.php/Talla_Tarly
Tallad, /index.php/Tallad
Tanda Stokeworth, /index.php/Tanda_Stokeworth
Tanselle, /index.php/Tanselle
Tansy, /index.php/Tansy
Tansy (orphan), /index.php/Tansy_(orphan)
Tanton Fossoway, /index.php/Tanton_Fossoway
Tarber, /index.php/Tarber
Tarle, /index.php/Tarle
Temmo, /index.php/Temmo
Ternesio Terys, /index.php/Ternesio_Terys
Terrance Lynderly, /index.php/Terrance_Lynderly
Terrence Kenning, /index.php/Terrence_Kenning
Terrence Toyne, /index.php/Terrence_Toyne
Terro, /index.php/Terro
Theo Frey, /index.php/Theo_Frey
Theo Wull, /index.php/Theo_Wull
Theobald, /index.php/Theobald
Theodan Wells, /index.php/Theodan_Wells
Theodore Tyrell, /index.php/Theodore_Tyrell
Theomar Smallwood, /index.php/Theomar_Smallwood
Theomore, /index.php/Theomore
Theomore Harlaw, /index.php/Theomore_Harlaw
Theon Greyjoy, /index.php/Theon_Greyjoy
Theon Stark, /index.php/Theon_Stark
Thistle, /index.php/Thistle
Thoren Smallwood, /index.php/Thoren_Smallwood
Thormor Ironmaker, /index.php/Thormor_Ironmaker
Thoron True, /index.php/Thoron_True
Thoros of Myr, /index.php/Thoros_of_Myr
Three Toes, /index.php/Three_Toes
Three-Tooth, /index.php/Three-Tooth
Tickler, /index.php/Tickler
Tim Stone, /index.php/Tim_Stone
Tim Tangletongue, /index.php/Tim_Tangletongue
Timeon, /index.php/Timeon
Timett, /index.php/Timett
Timett (father), /index.php/Timett_(father)
Timon, /index.php/Timon
Timoth, /index.php/Timoth
Tion Frey, /index.php/Tion_Frey
Titus Peake, /index.php/Titus_Peake
Tobbot, /index.php/Tobbot
Tobho Mott, /index.php/Tobho_Mott
Todder, /index.php/Todder
Todric, /index.php/Todric
Toefinger, /index.php/Toefinger
Togg Joth, /index.php/Togg_Joth
Tom Costayne, /index.php/Tom_Costayne
Tom of Sevenstreams, /index.php/Tom_of_Sevenstreams
TomToo, /index.php/TomToo
Tomard, /index.php/Tomard
Tommard Heddle, /index.php/Tommard_Heddle
Tommen Baratheon, /index.php/Tommen_Baratheon
Tommen Costayne, /index.php/Tommen_Costayne
Torbert, /index.php/Torbert
Toregg, /index.php/Toregg
Tormund, /index.php/Tormund
Torrek, /index.php/Torrek
Torren Liddle, /index.php/Torren_Liddle
Torrhen Karstark, /index.php/Torrhen_Karstark
Torrhen Stark, /index.php/Torrhen_Stark
Torwold Browntooth, /index.php/Torwold_Browntooth
Torwynd, /index.php/Torwynd
Tothmure, /index.php/Tothmure
Trebor Jordayne, /index.php/Trebor_Jordayne
Tregar, /index.php/Tregar
Tregar Ormollen, /index.php/Tregar_Ormollen
Tremond Gargalen, /index.php/Tremond_Gargalen
Tristan Mudd, /index.php/Tristan_Mudd
Tristan Ryger, /index.php/Tristan_Ryger
Tristifer Botley, /index.php/Tristifer_Botley
Tristifer IV Mudd, /index.php/Tristifer_IV_Mudd
Tristifer V Mudd, /index.php/Tristifer_V_Mudd
Tristimun, /index.php/Tristimun
Triston of Tally Hill, /index.php/Triston_of_Tally_Hill
Triston Farwynd, /index.php/Triston_Farwynd
Triston Sunderland, /index.php/Triston_Sunderland
Trystane Martell, /index.php/Trystane_Martell
Tuffleberry, /index.php/Tuffleberry
Tumberjon, /index.php/Tumberjon
Tumco Lho, /index.php/Tumco_Lho
Turnip, /index.php/Turnip
Turquin, /index.php/Turquin
Tya Lannister, /index.php/Tya_Lannister
Tyana Wylde, /index.php/Tyana_Wylde
Tybero Istarion, /index.php/Tybero_Istarion
Tybolt Crakehall, /index.php/Tybolt_Crakehall
Tybolt Hetherspoon, /index.php/Tybolt_Hetherspoon
Tybolt Lannister, /index.php/Tybolt_Lannister
Tycho Nestoris, /index.php/Tycho_Nestoris
Tyene Sand, /index.php/Tyene_Sand
Tygett Lannister, /index.php/Tygett_Lannister
Tyland Lannister, /index.php/Tyland_Lannister
Tymor, /index.php/Tymor
Tyrek Lannister, /index.php/Tyrek_Lannister
Tyrion Lannister, /index.php/Tyrion_Lannister
Tyrion Tanner, /index.php/Tyrion_Tanner
Tysane Frey, /index.php/Tysane_Frey
Tysha, /index.php/Tysha
Tyta Frey, /index.php/Tyta_Frey
Tytos Blackwood, /index.php/Tytos_Blackwood
Tytos Brax, /index.php/Tytos_Brax
Tytos Frey, /index.php/Tytos_Frey
Tytos Lannister, /index.php/Tytos_Lannister
Tywin Frey, /index.php/Tywin_Frey
Tywin Frey (son of Raymund), /index.php/Tywin_Frey_(son_of_Raymund)
Tywin Lannister, /index.php/Tywin_Lannister
Ulf son of Umar, /index.php/Ulf_son_of_Umar
Ulf the Ill, /index.php/Ulf_the_Ill
Ulf the White, /index.php/Ulf_the_White
Uller, /index.php/Uller
Ulmer, /index.php/Ulmer
Ulrick Dayne, /index.php/Ulrick_Dayne
Ulwyck Uller, /index.php/Ulwyck_Uller
Umar, /index.php/Umar
Umfred, /index.php/Umfred
Umma, /index.php/Umma
Unella, /index.php/Unella
Urreg, /index.php/Urreg
Urek Ironmaker, /index.php/Urek_Ironmaker
Urras Ironfoot, /index.php/Urras_Ironfoot
Urrathon Night-Walker, /index.php/Urrathon_Night-Walker
Urrigon Greyjoy, /index.php/Urrigon_Greyjoy
Urron Greyiron, /index.php/Urron_Greyiron
Urswyck, /index.php/Urswyck
Urzen, /index.php/Urzen
Utherydes Wayn, /index.php/Utherydes_Wayn
Uthor Tollett, /index.php/Uthor_Tollett
Uthor Underleaf, /index.php/Uthor_Underleaf
Utt, /index.php/Utt
Vaellyn, /index.php/Vaellyn
Vaemond Velaryon, /index.php/Vaemond_Velaryon
Val, /index.php/Val
Valaena Velaryon, /index.php/Valaena_Velaryon
Valarr Targaryen, /index.php/Valarr_Targaryen
Varamyr, /index.php/Varamyr
Vardis Egen, /index.php/Vardis_Egen
Vargo Hoat, /index.php/Vargo_Hoat
Varly, /index.php/Varly
Varys, /index.php/Varys
Vayon Poole, /index.php/Vayon_Poole
Veiled Lady, /index.php/Veiled_Lady
Vickon Botley, /index.php/Vickon_Botley
Vickon Greyjoy, /index.php/Vickon_Greyjoy
Victaria Tyrell, /index.php/Victaria_Tyrell
Victarion Greyjoy, /index.php/Victarion_Greyjoy
Victor Tyrell, /index.php/Victor_Tyrell
Violet, /index.php/Violet
Visenya Targaryen, /index.php/Visenya_Targaryen
Viserys Plumm, /index.php/Viserys_Plumm
Viserys Targaryen, /index.php/Viserys_Targaryen
Viserys I Targaryen, /index.php/Viserys_I_Targaryen
Viserys II Targaryen, /index.php/Viserys_II_Targaryen
Vortimer Crane, /index.php/Vortimer_Crane
Vulture King, /index.php/Vulture_King
Vylarr, /index.php/Vylarr
Vyman, /index.php/Vyman
Waif, /index.php/Waif
Walda Frey (daughter of Edwyn), /index.php/Walda_Frey_(daughter_of_Edwyn)
Walda Frey (daughter of Lothar), /index.php/Walda_Frey_(daughter_of_Lothar)
Walda Frey (daughter of Walton), /index.php/Walda_Frey_(daughter_of_Walton)
Walda Frey (daughter of Merrett), /index.php/Walda_Frey_(daughter_of_Merrett)
Walda Frey (daughter of Rhaegar), /index.php/Walda_Frey_(daughter_of_Rhaegar)
Walda Rivers, /index.php/Walda_Rivers
Walda Rivers (daughter of Aemon), /index.php/Walda_Rivers_(daughter_of_Aemon)
Walder Brax, /index.php/Walder_Brax
Walder Frey (son of Jammos), /index.php/Walder_Frey_(son_of_Jammos)
Walder Frey (son of Ryman), /index.php/Walder_Frey_(son_of_Ryman)
Walder Frey (son of Merrett), /index.php/Walder_Frey_(son_of_Merrett)
Walder Frey (son of Emmon), /index.php/Walder_Frey_(son_of_Emmon)
Walder Frey, /index.php/Walder_Frey
Walder Goodbrook, /index.php/Walder_Goodbrook
Walder Haigh, /index.php/Walder_Haigh
Walder Rivers, /index.php/Walder_Rivers
Walder Vance, /index.php/Walder_Vance
Waldon Wynch, /index.php/Waldon_Wynch
Walgrave, /index.php/Walgrave
Wallace Waynwood, /index.php/Wallace_Waynwood
Wallen, /index.php/Wallen
Walton Frey, /index.php/Walton_Frey
Walton Stark, /index.php/Walton_Stark
Walton, /index.php/Walton
Waltyr Frey, /index.php/Waltyr_Frey
Walys Flowers, /index.php/Walys_Flowers
Warren, /index.php/Warren
Warryn Beesbury, /index.php/Warryn_Beesbury
Wat, /index.php/Wat
Wat (Barleycorn), /index.php/Wat_(Barleycorn)
Blue Bard, /index.php/Blue_Bard
Wat (orphan), /index.php/Wat_(orphan)
Wat (sailor), /index.php/Wat_(sailor)
Wat (Standfast), /index.php/Wat_(Standfast)
Wat (Wet), /index.php/Wat_(Wet)
Wat (Whitesmile), /index.php/Wat_(Whitesmile)
Wate, /index.php/Wate
Watt, /index.php/Watt
Watty, /index.php/Watty
Waymar Royce, /index.php/Waymar_Royce
Wayn (guard), /index.php/Wayn_(guard)
Weasel, /index.php/Weasel
Weeper, /index.php/Weeper
Weese, /index.php/Weese
Wenda, /index.php/Wenda
Wendamyr, /index.php/Wendamyr
Wendel Frey, /index.php/Wendel_Frey
Wendel Manderly, /index.php/Wendel_Manderly
Wendell Webber, /index.php/Wendell_Webber
Wendello Qar Deeth, /index.php/Wendello_Qar_Deeth
Werlag, /index.php/Werlag
Wex Pyke, /index.php/Wex_Pyke
Whalen Frey, /index.php/Whalen_Frey
Wilbert, /index.php/Wilbert
Wilbert Osgrey, /index.php/Wilbert_Osgrey
Will, /index.php/Will
Will (Fletcher), /index.php/Will_(Fletcher)
Will (Hookface), /index.php/Will_(Hookface)
Will (orphan), /index.php/Will_(orphan)
Will (squire), /index.php/Will_(squire)
Will (Standfast), /index.php/Will_(Standfast)
Will (Stork), /index.php/Will_(Stork)
Will (Treb), /index.php/Will_(Treb)
Will Humble, /index.php/Will_Humble
Willamen Frey, /index.php/Willamen_Frey
Willam, /index.php/Willam
Willam Dustin, /index.php/Willam_Dustin
Willam Stark, /index.php/Willam_Stark
Willam Wells, /index.php/Willam_Wells
Willam Wythers, /index.php/Willam_Wythers
Willas Tyrell, /index.php/Willas_Tyrell
Willem Darry, /index.php/Willem_Darry
Willem Frey, /index.php/Willem_Frey
Willem Lannister, /index.php/Willem_Lannister
Willem Wylde, /index.php/Willem_Wylde
William Mooton, /index.php/William_Mooton
Willifer, /index.php/Willifer
Willis Fell, /index.php/Willis_Fell
Willis Wode, /index.php/Willis_Wode
Willit, /index.php/Willit
Willow (hound), /index.php/Willow_(hound)
Willow Heddle, /index.php/Willow_Heddle
Willow Witch-eye, /index.php/Willow_Witch-eye
Willow (daughter of Aegon IV), /index.php/Willow_(daughter_of_Aegon_IV)
Willow Pound-Stone, /index.php/Willow_Pound-Stone
Willum, /index.php/Willum
Wolmer, /index.php/Wolmer
Woth, /index.php/Woth
Wulfe, /index.php/Wulfe
Wun Weg Wun Dar Wun, /index.php/Wun_Weg_Wun_Dar_Wun
Wyl (guard), /index.php/Wyl_(guard)
Wyl the Whittler, /index.php/Wyl_the_Whittler
Wyl Waynwood, /index.php/Wyl_Waynwood
Wylis Manderly, /index.php/Wylis_Manderly
Wylla, /index.php/Wylla
Wylla Manderly, /index.php/Wylla_Manderly
Wyman Manderly, /index.php/Wyman_Manderly
Wynafrei Whent, /index.php/Wynafrei_Whent
Wynafryd Manderly, /index.php/Wynafryd_Manderly
Wynton Stout, /index.php/Wynton_Stout
Xaro Xhoan Daxos, /index.php/Xaro_Xhoan_Daxos
Xhondo, /index.php/Xhondo
Yandry, /index.php/Yandry
Yellow Dick, /index.php/Yellow_Dick
Ygon Farwynd, /index.php/Ygon_Farwynd
Ygon Oldfather, /index.php/Ygon_Oldfather
Ygritte, /index.php/Ygritte
Yna, /index.php/Yna
Yohn Farwynd, /index.php/Yohn_Farwynd
Yohn Royce, /index.php/Yohn_Royce
Yoren, /index.php/Yoren
Yorkel, /index.php/Yorkel
Yorko Terys, /index.php/Yorko_Terys
Yormwell, /index.php/Yormwell
Young Henly, /index.php/Young_Henly
Ysilla, /index.php/Ysilla
Ysilla Royce, /index.php/Ysilla_Royce
Zachery Frey, /index.php/Zachery_Frey
Zarabelo, /index.php/Zarabelo
Zei, /index.php/Zei
Zekko, /index.php/Zekko
Zharaq zo Loraq, /index.php/Zharaq_zo_Loraq
Zhoe Blanetree, /index.php/Zhoe_Blanetree
Zia Frey, /index.php/Zia_Frey
Zollo, /index.php/Zollo
